RazaoSocial;RegistroANS;Modalidade;UF;Despesa_Total;Media_Trimestral;Desvio_Padrao;Qtd_Registros
BRADESCO SAÚDE S.A.;005711;Seguradora Especializada em Saúde;RJ;322688347192.4;1333422922.28;3724446558.41;242
SUL AMERICA COMPANHIA DE SEGURO SAÚDE;006246;Seguradora Especializada em Saúde;RJ;255723677376.81;664217343.84;2038484882.61;385
AMIL ASSISTÊNCIA MÉDICA INTERNACIONAL S.A.;326305;Medicina de Grupo;SP;196745000673.21;499352793.59;1765248170.77;394
NOTRE DAME INTERMÉDICA SAÚDE S.A.;359017;Medicina de Grupo;SP;89929846536.84;254758772.06;837826403.5;353
HAPVIDA ASSISTENCIA MEDICA S.A.;368253;Medicina de Grupo;CE;88233812743.75;196075139.43;750870198.67;450
CAIXA DE ASSISTÊNCIA DOS FUNCIONÁRIOS DO BANCO DO BRASIL;346659;Autogestão;DF;68057719719.42;412471028.6;1126265630.36;165
UNIMED NACIONAL - COOPERATIVA CENTRAL;339679;Cooperativa Médica;SP;66224536305.59;172459729.96;549351692.38;384
PORTO SEGURO - SEGURO SAÚDE S/A;000582;Seguradora Especializada em Saúde;SP;52438404508.12;213164245.97;614038526.64;246
GEAP AUTOGESTÃO EM SAÚDE;323080;Autogestão;DF;49508781934.05;247543909.67;593596117.82;200
UNIMED BELO HORIZONTE COOPERATIVA DE TRABALHO MÉDICO;343889;Cooperativa Médica;MG;49238388320.17;101942832.96;391868910.44;483
PREVENT SENIOR PRIVATE OPERADORA DE SAÚDE LTDA;302147;Medicina de Grupo;SP;45128557407.88;304922685.19;797890105.86;148
UNIMED SEGUROS SAÚDE S/A;000701;Seguradora Especializada em Saúde;SP;44783634238.15;168994846.18;512779237.05;265
UNIMED DO EST. DO RJ FEDERAÇÃO EST. DAS COOPERATIVAS MÉDICAS;312363;Cooperativa Médica;RJ;43900244930.25;318117716.89;637025752.39;138
UNIMED DE CIANORTE - COOPERATIVA DE TRABALHO MEDICO ;354627;Cooperativa Médica;PR;43199575911.83;248273424.78;1858920045.79;174
UNIMED PORTO ALEGRE - COOPERATIVA MÉDICA LTDA.;352501;Cooperativa Médica;RS;32446684400.32;76887877.73;286848281.76;422
UNIMED CURITIBA - SOCIEDADE COOPERATIVA DE MÉDICOS;304701;Cooperativa Médica;PR;29640780503.69;76789586.8;261436200.34;386
UNIMED CAMPINAS - COOPERATIVA DE TRABALHO MÉDICO;335690;Cooperativa Médica;SP;26212735617.05;65205809.99;255373589.07;402
UNIMED GOIANIA COOPERATIVA DE TRABALHO MÉDICO;382876;Cooperativa Médica;GO;22357713938.57;89790015.82;260547444.01;249
UNIMED DE FORTALEZA SOCIEDADE COOPERATIVA MÉDICA LTDA.;317144;Cooperativa Médica;CE;22071021916.05;48401363.85;189858411.95;456
OMINT SERVIÇOS DE SAÚDE S.A.;359661;Medicina de Grupo;SP;19637922306.6;100193481.16;293621142.69;196
FUNDAÇÃO SAÚDE ITAÚ;312126;Autogestão;MG;19318487339.18;78530436.34;233360069.94;246
CARE PLUS MEDICINA ASSISTENCIAL LTDA.;379956;Medicina de Grupo;SP;18958226063.09;210646956.26;420095340.91;90
GRUPO HOSPITALAR DO RIO DE JANEIRO LTDA;309222;Medicina de Grupo;RJ;18452279661.21;90011120.3;246760521.41;205
SERV  SOCIAL AUTÔNOMO DE ASSIST À SAÚDE DOS SERV PÚBLICOS E MILITARES DE GOIÁS;424188;Autogestão;GO;18050303438.42;155606064.12;410231657.39;116
UNIMED VITORIA COOPERATIVA DE TRABALHO MEDICO;357391;Cooperativa Médica;ES;16618734438.14;48031024.39;158133040.61;346
UNIMED FRANCISCO BELTRAO COOPERATIVA DE TRABALHO MEDICO;336858;Cooperativa Médica;PR;16004579967.61;82925284.81;684052321.66;193
FUNDAÇÃO CESP;315478;Autogestão;SP;13471374850.32;91642005.78;228490011.97;147
UNIMED RECIFE COOPERATIVA DE TRABALHO MÉDICO;344885;Cooperativa Médica;PE;13441278912.93;75512802.88;174065360.37;178
UNIMED BELÉM COOPERATIVA DE TRABALHO MÉDICO;303976;Cooperativa Médica;PA;12997620247.25;58285292.59;167032393.86;223
SAMEDIL SERVIÇOS DE ATENDIMENTO MÉDICO S/A;335614;Medicina de Grupo;ES;12870264538.19;9408088.11;67628540.86;1368
UNIMED CUIABA COOPERATIVA DE TRABALHO MÉDICO;342084;Cooperativa Médica;MT;11862093946.78;26013363.92;98822937.58;456
UNIMED DO ESTADO DE SÃO PAULO - FEDERAÇÃO ESTADUAL DAS COOP. MÉDICAS;319996;Cooperativa Médica;SP;11823468004.61;56302228.59;154360762.17;210
FUNDAÇÃO ASSISTENCIAL DOS SERVIDORES DO MINISTÉRIO DA FAZENDA;346926;Autogestão;DF;11782081304.28;77007067.35;203710348.54;153
UNIMED SAO JOSÉ DO RIO PRETO - COOP. DE TRABALHO MÉDICO;335100;Cooperativa Médica;SP;11466184236.54;40373888.16;120874851.05;284
UNIMED GRANDE FLORIANÓPOLIS-COOPERATIVA DE TRABALHO MEDICO;360449;Cooperativa Médica;SC;11463117333.54;25587315.48;89132955.87;448
BRADESCO SAÚDE - OPERADORA DE PLANOS  S/A;421715;Medicina de Grupo;SP;11290181741.06;142913692.92;439596554.37;79
SUL AMÉRICA PARANÁ CLÍNICAS SERVIÇOS DE SAÚDE S.A.;416428;Medicina de Grupo;SP;10064473053.08;46167307.58;298085071.89;218
UNIMED NATAL SOC. COOP. DE TRAB. MÉDICO;335592;Cooperativa Médica;RN;9934350721.19;39111617.01;110427712.55;254
ASSOCIAÇÃO PETROBRAS DE SAÚDE - APS;422631;Autogestão;RJ;9492632107.74;150676700.12;576856952.91;63
CAIXA BENEFICENTE DOS FUNCIONARIOS DO BANCO DO ESTADO DE SÃO PAULO;352331;Autogestão;SP;9316805790.56;48525030.16;140269422.89;192
NOTRE DAME INTERMÉDICA MINAS GERAIS SAÚDE S.A.;348520;Medicina de Grupo;CE;9063712276.26;21946034.57;75193797.28;413
UNIMED DE LONDRINA COOPERATIVA DE TRABALHO MÉDICO;343269;Cooperativa Médica;PR;8876772258.04;29888122.08;90027326.43;297
UNIMED SOROCABA COOPERATIVA DE TRABALHO MÉDICO;348295;Cooperativa Médica;SP;8696823459.32;51766806.31;134315914.55;168
UNIMED-SÃO GONÇALO - NITERÓI - SOC.COOP.SERV.MED E HOSP LTDA;343731;Cooperativa Médica;RJ;8546428667.65;30414336.9;84546275.92;281
UNIMED SERRA GAUCHA/RS COOPERATIVA DE ASSISTENCIA A SAUDE LTDA;325571;Cooperativa Médica;RS;8465742227.19;26373028.75;87484569.65;321
UNIMED MACEIO COOPERATIVA DE TRABALHO MÉDICO;327689;Cooperativa Médica;AL;8455541625.27;26928476.51;90867475.98;314
UNIMED JOAO PESSOA - COOPERATIVA DE TRABALHO MÉDICO;321044;Cooperativa Médica;PB;8392353478.86;52782097.35;139217465.66;159
HUMANA SAÚDE NORDESTE LTDA. ;357511;Medicina de Grupo;PI;8356390248.74;28617774.82;87454515.9;292
UNIMED CAMPO GRANDE MS COOPERATIVA DE TRABALHO MÉDICO;312851;Cooperativa Médica;MS;7788798757.67;28740954.83;79321506.23;271
CAIXA DE ASSISTENCIA DOS SERVIDORES DO ESTADO DE MATO GROSSO DO SUL;413534;Autogestão;MS;7514350282.08;68938993.41;155582309.16;109
UNIMED DE SANTOS COOP DE TRAB MEDICO;355721;Cooperativa Médica;SP;7320780021.61;23924117.72;77907186.55;306
UNIMED REGIONAL MARINGÁ COOP.DE TRABALHO MÉDICO;371254;Cooperativa Médica;PR;7095236429.27;9732834.61;47244060.16;729
UNIMED DE RIBEIRAO PRETO - COOPERATIVA DE TRABALHO MÉDICO;351202;Cooperativa Médica;SP;7082062871.42;32338186.63;81962876.01;219
SANTA HELENA ASSISTÊNCIA MÉDICA S/A.;355097;Medicina de Grupo;SP;7033084968.77;31680562.92;87137320.69;222
UNIMED UBERLÂNDIA COOPERATIVA REGIONAL TRABALHO MÉDICO LTDA;384577;Cooperativa Médica;MG;6588201635.15;21960672.12;66474608.65;300
SAMP ESPIRITO SANTO ASSISTENCIA MEDICA SA;342033;Medicina de Grupo;ES;6561701475.52;22783685.68;69714212.72;288
CLINIPAM CLINICA PARANAENSE DE ASSISTENCIA MEDICA LTDA;340782;Medicina de Grupo;CE;6503250683.29;20645240.26;62219132.72;315
UNIMED BLUMENAU - COOPERATIVA DE TRABALHO MEDICO;334561;Cooperativa Médica;SC;6343984321.74;17573363.77;57460448.0;361
CENTRO TRASMONTANO DE SAO PAULO;303623;Medicina de Grupo;SP;6315687669.39;59025118.41;122382632.07;107
ODONTOPREV S/A;301949;Odontologia de Grupo;SP;6227758370.39;53228704.02;127426236.78;117
FUNDAÇÃO SÃO FRANCISCO XAVIER;339954;Filantropia;MG;6124094592.46;25840061.57;71752133.23;237
UNIMED DO ESTADO DO PARANÁ FEDERAÇÃO ESTADUAL DAS COOPERATIVAS MÉDICAS;312720;Cooperativa Médica;PR;6094391692.81;7580089.17;39633310.41;804
UNIMED DO ESTADO DE SANTA CATARINA FED. EST. DAS COOP. MÉD.;355691;Cooperativa Médica;SC;5930213851.75;13986353.42;48018024.73;424
POSTAL SAÚDE CAIXA DE ASSISTÊNCIA E SAÚDE DOS EMPREGADOS DOS CORREIOS;419133;Autogestão;DF;5761123493.62;35344315.91;152956213.68;163
UNIMED DIVINOPOLIS - COOPERATIVA DE TRABALHO MEDICO LTDA;319121;Cooperativa Médica;MG;5760153484.73;14922677.42;48725835.81;386
UNIMED SAO JOSE DOS CAMPOS - COOPERATIVA DE TRABALHO MEDICO;331872;Cooperativa Médica;SP;5562079747.66;15846381.05;54464841.13;351
ASSOCIAÇÃO DE BENEFICÊNCIA E FILANTROPIA SÃO CRISTOVÃO;314218;Filantropia;SP;5463258752.31;30865868.66;85714672.62;177
UNIMED DE PIRACICABA SOCIEDADE COOPERATIVA DE SERVIÇOS MÉDICOS;315729;Cooperativa Médica;SP;5304022210.88;12000050.25;45198977.89;442
UNIMED DE JOINVILLE COOPERATIVA DE TRABALHO MÉDICO;321273;Cooperativa Médica;SC;5224768174.1;21589951.13;57562421.25;242
UNIMED - COOPERATIVA DE SERVIÇOS DE SAÚDE DOS VALES DO TAQUARI E RIO PARDO LTDA.;306398;Cooperativa Médica;RS;5135660031.19;16355605.19;49385079.87;314
CEMIG SAÚDE;417505;Autogestão;MG;5092137849.69;36899549.64;92825321.92;138
UNIMED LITORAL COOPERATIVA DE TRABALHO MÉDICO LTDA;303356;Cooperativa Médica;SC;4937435883.59;17203609.35;51742391.9;287
UNIMED DE BAURU COOPERATIVA DE TRABALHO MÉDICO;369659;Cooperativa Médica;SP;4899015682.78;9278438.79;36022991.42;528
UNIMED JUIZ DE FORA COOPERATIVA DE TRABALHO MÉDICO LTDA;306886;Cooperativa Médica;MG;4804122657.66;11774810.44;40432382.08;408
UNIMED SERGIPE - COOPERATIVA DE TRABALHO MÉDICO;337668;Cooperativa Médica;SE;4782902439.83;15890041.33;51126647.66;301
UNIMED DE CASCAVEL COOPERATIVA DE TRABALHO MÉDICO;370070;Cooperativa Médica;PR;4768092210.46;15088899.4;46431462.76;316
SINDIFISCO NACIONAL - SINDICATO NACIONAL DOS AUDITORES-FISCAIS DA RECEITA FEDERAL DO BRASIL;361011;Autogestão;DF;4720683208.86;31682437.64;75076424.43;149
UNIMED TERESINA - COOPERATIVA DE TRABALHO MÉDICO;353353;Cooperativa Médica;PI;4704390798.58;20365328.13;57394764.27;231
PASA - PLANO DE ASSISTENCIA A SAUDE DO APOSENTADO DA VALE;331988;Autogestão;RJ;4408351155.31;24089350.58;71783566.92;183
UNIMED SÃO CARLOS - COOPERATIVA DE TRABALHO MÉDICO;354031;Cooperativa Médica;SP;4157337308.71;17690797.06;49888904.1;235
CAIXA DE ASSISTÊNCIA DOS FUNCIONÁRIOS DO BANCO DO NORDESTE DO BRASIL;385697;Autogestão;CE;4057718802.61;21815692.49;59396575.65;186
UNIMED DE PRESIDENTE PRUDENTE COOPERATIVA DE TRAB. MÉDICO;315796;Cooperativa Médica;SP;4007311825.02;11855952.15;39065356.87;338
ID: 350141;N/I;Desconhecida;N/I;3972607476.72;22318019.53;100621612.34;178
ASSOCIAÇÃO SANTA CASA SAÚDE DE SÃO JOSÉ DOS CAMPOS;419249;Medicina de Grupo;SP;3946136896.06;28595194.9;78743672.08;138
UNIMED DE MACAÉ COOPERATIVA DE ASSISTÊNCIA À SAÚDE;302953;Cooperativa Médica;RJ;3897455744.28;13301896.74;38261019.71;293
PLANO HOSPITAL SAMARITANO LTDA;411256;Medicina de Grupo;SP;3849683615.22;13094161.96;54163505.6;294
INSTITUTO CURITIBA DE SAÚDE;419010;Autogestão;PR;3769059083.39;2755160.15;24451009.57;1368
UNIMED NORTE DO MATO GROSSO COOPERATIVA DE TRABALHO MÉDICO;353663;Cooperativa Médica;MT;3713247211.8;16074663.25;46197673.78;231
CENTRO CLÍNICO GAÚCHO LTDA;392804;Medicina de Grupo;CE;3688216843.94;9757187.42;32185065.59;378
ALICE OPERADORA LTDA.;421928;Medicina de Grupo;SP;3681486266.16;29218144.97;56313334.14;126
UNIMED JUNDIAI - COOPERATIVA DE TRABALHO MÉDICO;303267;Cooperativa Médica;SP;3634197098.26;12113990.33;39479250.8;300
UNIMED DE VOLTA REDONDA COOPERATIVA DE TRABALHO MÉDICO;364584;Cooperativa Médica;RJ;3619706783.81;14363915.81;41649841.79;252
UNIMED VALE DO SINOS - COOPERATIVA DE ASSISTÊNCIA À SAÚDE LTDA;356417;Cooperativa Médica;RS;3566991677.67;12830905.32;41113556.4;278
HUMANA SAÚDE LTDA.;348180;Medicina de Grupo;PR;3525328285.24;11950265.37;33428189.29;295
UNIMED CARUARU-COOPERATIVA DE TRABALHO MEDICO;340952;Cooperativa Médica;PE;3479830798.31;17142023.64;46512546.22;203
UNIMED SUL CAPIXABA COOPERATIVA DE TRABALHO MÉDICO;320706;Cooperativa Médica;ES;3435653566.87;11847081.27;37655645.22;290
UNIMED NOVA FRIBURGO-SOC.COOP.SERV.MED.HOSP.LTDA.;335479;Cooperativa Médica;RJ;3425158475.84;13431994.02;36235275.77;255
UNIMED UBERABA COOPERATIVA DE TRABALHO MEDICO LTDA.;354066;Cooperativa Médica;MG;3404045657.3;12288973.49;34818612.49;277
UNIMED DE SANTA BÁRBARA D'OESTE E AMERICANA - COOP DE TRABALHO MÉDICO;369292;Cooperativa Médica;SP;3314724241.82;10423661.14;32770976.25;318
UNIMED NOVA IGUACU COOPERATIVA DE TRABALHO MEDICO;344397;Cooperativa Médica;RJ;3267389516.86;18459827.78;45123764.14;177
ITAUSEG SAÚDE S.A.;000884;Seguradora Especializada em Saúde;SP;3186399186.89;42485322.49;71804341.9;75
UNIMED DE MARILIA COOPERATIVA DE TRABALHO MÉDICO;336106;Cooperativa Médica;SP;3183902869.84;7091097.71;27554001.95;449
UNIMED VALE DO SÃO FRANCISCO COOPERATIVA DE TRABALHO MÉDICO;323268;Cooperativa Médica;PE;3160924263.83;13061670.51;37423880.74;242
METRUS INSTITUTO DE SEGURIDADE SOCIAL;380661;Autogestão;SP;3155342308.76;18452294.2;50896749.18;171
LEVE SAUDE OPERADORA DE PLANOS DE SAUDE S.A;422339;Medicina de Grupo;RJ;3139331329.49;14878347.53;39009941.81;211
UNIMED PONTA GROSSA COOPERATIVA DE TRABALHO MEDICO;349712;Cooperativa Médica;PR;3135434343.49;5471962.21;21978189.52;573
SOBAM CENTRO MÉDICO HOSPITALAR S.A.;326500;Medicina de Grupo;SP;3019378035.52;15249384.02;49170394.96;198
SAMEL PLANO DE SAÚDE LTDA;367095;Medicina de Grupo;AM;2999226438.17;34082118.62;76503718.51;88
QUALLITY PRÓ SAÚDE PLANO DE ASSISTÊNCIA MÉDICA LTDA.;418170;Medicina de Grupo;DF;2977911261.89;18382168.28;48588728.27;162
FUNDAÇÃO COPEL DE PREVIDÊNCIA E ASSISTÊNCIA SOCIAL;355151;Autogestão;PR;2967606352.99;15785140.18;44144468.11;188
MEDISERVICE OPERADORA DE PLANOS DE SAÚDE S.A.;333689;Medicina de Grupo;SP;2964574766.89;27449766.36;68798959.32;108
UNIMED DE ARARAQUARA - COOP. DE TRAB. MÉDICO;364312;Cooperativa Médica;SP;2961882893.66;18060261.55;41455602.08;164
UNIMED REGIONAL DA BAIXA MOGIANA - COOPERATIVA DE TRABALHO MÉDICO;311847;Cooperativa Médica;SP;2939615183.68;9391741.8;33961666.45;313
UNIMED FRANCA - SOCIEDADE COOPERATIVA DE SERVIÇOS MÉDICOS E HOSPITALARES;354783;Cooperativa Médica;SP;2923685293.69;7045024.8;27028791.34;415
REAL GRANDEZA - FUNDAÇÃO DE PREVIDÊNCIA E ASSISTÊNCIA SOCIAL;331317;Autogestão;RJ;2899693145.95;13486944.86;36774980.3;215
UNIMED PORTO VELHO - SOCIEDADE COOPERATIVA MÉDICA LTDA;337374;Cooperativa Médica;RO;2819676519.34;11603607.08;26613679.2;243
DOCTOR CLIN OPERADORA DE PLANOS DE SAÚDE LTDA.;349682;Medicina de Grupo;RS;2801737677.18;16009929.58;49378637.45;175
COOPERATIVA CENTRAL UNIMED DE COOPERATIVAS DE ASSISTÊNCIA À SAÚDE DO RIO GRANDE DO SUL LTDA.;367087;Cooperativa Médica;RS;2795148918.25;7721405.85;28417230.03;362
H.B. SAÚDE S/A.;350249;Medicina de Grupo;SP;2778021533.0;21045617.67;48495829.01;132
UNIMED DE CRICIÚMA COOPERATIVA DE TRABALHO MÉDICO DA REGIÃO CARBONÍFERA;329339;Cooperativa Médica;SC;2770294118.18;6457562.05;24345401.72;429
CAIXA DE PREVIDÊNCIA E ASSISTÊNCIA DOS SERVIDORES DA FUNDAÇÃO NACIONAL DE SAÚDE - CAPESESP;324477;Autogestão;RJ;2731113383.06;22950532.63;56829572.36;119
FUNDAÇÃO CHESF DE ASSISTÊNCIA E SEGURIDADE SOCIAL;317233;Autogestão;PE;2701408376.68;24337012.4;61619724.67;111
UNIMED CAMPINA GRANDE - COOPERATIVA DE TRABALHO MEDICO LTDA;367397;Cooperativa Médica;PB;2687448335.44;20055584.59;44190043.75;134
ASSOCIACAO DOS AUDITORES FISCAIS DA RECEITA ESTADUAL DE SAO PAULO;317632;Autogestão;SP;2673907618.81;26739076.19;65659279.96;100
UNIMED GOVERNADOR VALADARES COOP. DE TRABALHO MÉDICO LTDA.;386588;Cooperativa Médica;MG;2667989800.97;11257340.93;30405947.31;237
COOPERATIVA DE TRABALHO MÉDICO DE POUSO ALEGRE;337188;Cooperativa Médica;MG;2652721836.8;9053658.15;27752265.19;293
BENSAUDE PLANO DE ASSISTENCIA MEDICA HOSPITALAR LTDA.;366561;Medicina de Grupo;SP;2621368881.77;16486596.74;45106868.97;159
ASSOCIAÇÃO DE SAÚDE PORTUGUESA DE BENEFICÊNCIA;417530;Medicina de Grupo;SP;2618397358.04;23378547.84;47881102.17;112
ASSOCIAÇÃO SANTA SAÚDE;418021;Medicina de Grupo;SP;2618072311.16;17111583.73;46371652.24;153
UNIMED DO CEARÁ - FEDERAÇÃO DAS SOCIEDADES COOPERATIVAS MÉDICAS DO ESTADO DO CEARÁ LTDA.;321958;Cooperativa Médica;CE;2557147656.97;15221117.01;39767248.15;168
UNIMED SALTO/ITU - COOPERATIVA MÉDICA;346276;Cooperativa Médica;SP;2468370651.59;7594986.62;23712865.87;325
ALVORECER - ASSOCIAÇÃO DE SOCORROS MÚTUOS;344800;Medicina de Grupo;SP;2412747523.07;1783257.59;16230426.14;1353
UNIMED SANTA MARIA/RS - COOPERATIVA DE ASSISTÊNCIA À SAÚDE LTDA;319708;Cooperativa Médica;RS;2388452033.49;8207738.95;25836971.39;291
KLINI PLANOS DE SAÚDE LTDA;422029;Medicina de Grupo;RJ;2382189063.56;23128049.16;46390634.89;103
CAIXA DE ASSISTÊNCIA DOS EMPREGADOS DO BANCO DO ESTADO DO RIO GRANDE DO SUL;307319;Autogestão;RS;2362970262.12;13580288.86;36099892.33;174
UNIMED CHAPECÓ - COOPERATIVA DE TRABALHO MÉDICO DA REGIÃO OESTE CATARINENSE;354295;Cooperativa Médica;SC;2330835229.24;10405514.42;26078823.15;224
UNIMED PATOS DE MINAS COOPERATIVA TRABALHO MÉDICO LTDA.;353060;Cooperativa Médica;MG;2303218741.58;8724313.42;24488766.0;264
PROMÉDICA - PROTEÇÃO MEDICA A EMPRESAS S.A.;326861;Medicina de Grupo;BA;2300404333.58;25560048.15;56444408.24;90
PLANO DE SAÚDE ANA COSTA LTDA.;360244;Medicina de Grupo;SP;2299677924.47;10358909.57;34338116.9;222
SERVIÇO SOCIAL DA INDÚSTRIA DO PAPEL, PAPELÃO E CORTIÇA DO ESTADO DE SÃO PAULO - SEPACO;420077;Autogestão;SP;2257727937.35;34207999.05;54674368.6;66
UNIMED DE CAMPOS COOPERATIVA DE TRABALHO MÉDICO;352683;Cooperativa Médica;RJ;2248037673.2;8815834.01;24303651.68;255
UNIMED RONDONOPOLIS COOPERATIVA DE TRABALHO MÉDICO LTDA;359777;Cooperativa Médica;MT;2231644417.25;6251104.81;20452503.96;357
CAIXA DE ASSISTÊNCIA À SAÚDE - CABERJ;324361;Medicina de Grupo;RJ;2209311133.13;12072738.43;29593876.38;183
CIRCULO OPERARIO CAXIENSE;310247;Medicina de Grupo;RS;2193516716.35;11248803.67;29498856.09;195
UNIMED ANHANGUERA COOPERATIVA DE TRABALHO MÉDICO;348082;Cooperativa Médica;SP;2132942550.62;9154259.87;27924934.8;233
UNIMED DE GUARULHOS COOPERATIVA DE TRABALHO MÉDICO;333051;Cooperativa Médica;SP;2110014386.22;8307143.25;23432018.79;254
AUSTACLINICAS ASSISTÊNCIA MÉDICA E HOSPITALAR LTDA;327417;Medicina de Grupo;SP;2073419687.09;11392415.86;29127937.63;182
ASSOCIAÇÃO ASSISTENCIAL DE SAÚDE SUPLEMENTAR CRUZ AZUL SAÚDE;411752;Medicina de Grupo;SP;2070522458.32;1530319.63;12043652.54;1353
UNIMED DO SUDOESTE COOPERATIVA DE TRABALHO MEDICO LTDA;350371;Cooperativa Médica;BA;2056920783.48;9021582.38;23698966.65;228
AMPLA PLANOS DE SAUDE LTDA;422720;Medicina de Grupo;RJ;2049270545.33;4856091.34;25227614.77;422
UNIMED MARANHÃO DO SUL - COOPERATIVA DE TRABALHO MÉDICO;352543;Cooperativa Médica;MA;2043214861.46;8205682.17;19174379.81;249
BIOVIDA SAÚDE LTDA.;415111;Medicina de Grupo;SP;2037492485.44;1505907.23;14004033.98;1353
UNIMED VALE DO SEPOTUBA - COOPERATIVA DE TRABALHO MÉDICO;314099;Cooperativa Médica;MT;2018151683.6;7338733.39;19876115.24;275
UNIMED DE MANAUS COOP. DO TRABALHO MÉDICO LTDA;311961;Cooperativa Médica;AM;2015339803.88;13995415.3;26196216.9;144
UNIMED AMPARO COOPERATIVA DE TRABALHO MÉDICO;345598;Cooperativa Médica;SP;1993977688.28;7788975.34;21219174.8;256
2CARE OPERADORA DE SAÚDE LTDA.;421421;Medicina de Grupo;SP;1992279116.85;15811739.02;40382229.02;126
UNIMED RIO VERDE COOPERATIVA TRABALHO MEDICO;320251;Cooperativa Médica;GO;1985694616.58;7666774.58;21037162.01;259
NOSSA SAÚDE - OPERADORA PLANOS PRIVADOS DE ASSISTÊNCIA  À SAÚDE LTDA.;372609;Medicina de Grupo;PR;1985462853.07;10181860.78;25710633.45;195
UNIMED CENTRO RONDÔNIA COOPERATIVA DE TRABALHO MÉDICO;347507;Cooperativa Médica;RO;1980074753.78;7388338.63;20942404.96;268
UNIMED DE BOTUCATU COOPERATIVA DE TRABALHO MÉDICO;304883;Cooperativa Médica;SP;1944554592.46;10288648.64;28063498.04;189
UNIMED LESTE PAULISTA COOPERATIVA DE TRABALHO MÉDICO;358088;Cooperativa Médica;SP;1944333673.37;5718628.45;20560864.29;340
FUNDAÇÃO CELESC DE SEGURIDADE SOCIAL - CELOS;315044;Autogestão;SC;1935888781.28;11454963.2;29006151.76;169
UNIMED DE LIMEIRA COOPERATIVA DE TRABALHO MÉDICO;301574;Cooperativa Médica;SP;1926257689.88;7959742.52;23918363.22;242
ASSOCIAÇÃO DR. BARTHOLOMEU TACCHINI;342556;Filantropia;RS;1899814001.25;12024139.25;30509348.44;158
INTEGRA ASSISTENCIA MEDICA SA;423173;Medicina de Grupo;SP;1858897023.33;28165106.41;54009761.31;66
UNIMED DE BEBEDOURO COOPERATIVA DE TRABALHO MÉDICO;331341;Cooperativa Médica;SP;1850873401.17;8529370.51;22542457.79;217
UNIMED PETROPOLIS-RJ COOPERATIVA DE TRABALHO MÉDICO;323993;Cooperativa Médica;RJ;1848676320.93;7866707.75;19139255.46;235
PLENA SAÚDE S.A.;348830;Medicina de Grupo;SP;1846621397.68;11328965.63;27609190.13;163
CAIXA DE ASSISTÊNCIA DOS EMPREGADOS DA EMPRESA BRASILEIRA DE PESQUISA  AGROPECUÁRIA;416401;Autogestão;DF;1829178748.18;17256403.28;32199550.94;106
ABERTTA SAÚDE - ASSOCIAÇÃO BENEFICENTE DOS EMPREGADOS DA ARCELORMITTAL NO BRASIL;314668;Autogestão;MG;1811000077.17;8231818.53;20435891.82;220
ASSOCIAÇÃO EVANGELICA BENEFICENTE DE LONDRINA;326755;Filantropia;PR;1810759975.75;7360812.91;19828077.42;246
PROASA SAÚDE;310522;Medicina de Grupo;DF;1808724339.06;12304247.2;28899719.54;147
UNIMED COSTA OESTE - COOPERATIVA DE TRABALHO MÉDICO;371106;Cooperativa Médica;PR;1789220498.85;2107444.64;11333676.41;849
UNIMED PELOTAS/RS - COOPERATIVA DE ASSISTÊNCIA À SAÚDE LTDA.;311375;Cooperativa Médica;RS;1773670845.78;8486463.38;21872977.98;209
S.P.A SAUDE- SISTEMA DE PROMOÇÃO ASSISTENCIAL;324493;Autogestão;SP;1768232035.7;13098015.08;27869110.86;135
LIV LINHAS INTELIGENTES DE ATENÇÃO À VIDA S/A;379280;Medicina de Grupo;SP;1731348330.0;1265605.5;9410168.75;1368
UNIMED DE DOURADOS COOPERATIVA DE TRABALHO MÉDICO LTDA;333662;Cooperativa Médica;MS;1726027254.29;6208731.13;16403562.29;278
GAMA SAUDE LTDA.;407011;Medicina de Grupo;SP;1705520328.75;46095144.02;121299140.08;37
UNIMED DE ARACATUBA - COOPERATIVA DE TRABALHO MÉDICO;369411;Cooperativa Médica;SP;1700939114.05;5707849.38;15886512.83;298
SERMED-SAÚDE LTDA.;303739;Medicina de Grupo;SP;1694658067.62;7633594.9;24194536.82;222
UNIMED NOROESTE/RS - SOCIEDADE COOPERATIVA DE ASSISTÊNCIA À SAÚDE LTDA.;357260;Cooperativa Médica;RS;1691610660.82;5695658.79;17476138.02;297
ASSOCIAÇÃO DE ASSISTÊNCIA À SAÚDE DOS EMPREGADOS DA COPASA;416568;Autogestão;MG;1679711457.99;7740605.8;20930083.86;217
UNIMED RIO BRANCO COOPERATIVA DE TRABALHO MEDICO LTDA;337871;Cooperativa Médica;AC;1665025032.35;6259492.6;17974086.56;266
UNIMED DE TUBARAO - COOPERATIVA DE TRABALHO MEDICO DA REGIAO DA AMUREL;364860;Cooperativa Médica;SC;1654406034.09;3734550.87;13257604.16;443
IRMANDADE DA SANTA CASA DE MISERICÓRDIA DE PIRACICABA;354562;Filantropia;SP;1650081489.6;18966453.9;39937229.27;87
UNIÃO MÉDICA PLANOS DE SAÚDE S/A;414581;Medicina de Grupo;BA;1643670992.12;11031348.94;23255913.29;149
UNIMED NOROESTE CAPIXABA COOPERATIVA DE TRABALHO MÉDICO.;371629;Cooperativa Médica;ES;1626537058.96;8606016.18;19890695.84;189
UNIMED PATO BRANCO SOCIEDADE COOPERATIVA DE MÉDICOS;370681;Cooperativa Médica;PR;1606726708.96;5036760.84;16538919.03;319
UNIMED PLANALTO MÉDIO/RS - COOPERATIVA DE ASSISTÊNCIA À SAÚDE LTDA.;319384;Cooperativa Médica;RS;1596773041.74;8493473.63;17446650.55;188
FUNDAÇÃO SANEPAR DE ASSISTÊNCIA SOCIAL;338648;Autogestão;PR;1594367353.97;10700452.04;29306790.05;149
SÃO LUCAS SAÚDE S/A;344362;Medicina de Grupo;SP;1589967637.63;11777538.06;31124572.2;135
LIFE EMPRESARIAL SAÚDE LTDA.;414492;Medicina de Grupo;SP;1587748949.46;9740791.1;27181829.41;163
CAIXA DE ASSISTÊNCIA OSWALDO CRUZ;417548;Autogestão;RJ;1527023927.86;12119237.52;28268897.76;126
SAUDE PAS - MEDICINA E ODONTO;409243;Autogestão;RS;1522759614.18;16373759.29;34908086.69;93
UNIMED REGIONAL JAU - COOPERATIVA DE TRABALHO MÉDICO;306762;Cooperativa Médica;SP;1509242135.73;4806503.62;15683324.02;314
ECONOMUS INSTITUTO DE SEGURIDADE SOCIAL;342611;Autogestão;SP;1508870429.71;11176818.0;23009915.28;135
UNIMED DE RIO CLARO SP COOPERATIVA DE TRABALHO MEDICO;306126;Cooperativa Médica;SP;1487898259.04;3351122.21;13906875.59;444
SANTA CASA DE MISERICÓRDIA DE JUIZ DE FORA;342807;Filantropia;MG;1482413481.69;7720903.55;19092929.86;192
UNIMED ANÁPOLIS COOPERATIVA DE TRABALHO MÉDICO.;312347;Cooperativa Médica;GO;1469165672.44;4739244.1;13207866.44;310
FUNDAÇÃO AFFEMG DE ASSISTÊNCIA E SAÚDE - FUNDAFFEMG;315567;Autogestão;MG;1442759712.24;14573330.43;30824792.07;99
UNIMED DE OURINHOS - COOPERATIVA DE TRABALHO MÉDICO;311294;Cooperativa Médica;SP;1399894202.21;7253337.84;18723993.07;193
CABERJ INTEGRAL SAÚDE S.A;415774;Medicina de Grupo;RJ;1388196402.45;7503764.34;18969489.09;185
PLANO DE SAÚDE DA SANTA CASA DE BRAGANÇA PAULISTA;420166;Medicina de Grupo;SP;1387113506.03;10274914.86;24830950.29;135
UNIMED DO CARIRI - SOCIEDADE COOPERATIVA MÉDICA LTDA;356123;Cooperativa Médica;CE;1360071330.88;9315557.06;22726672.73;146
UNIMED CENTRO OESTE PAULISTA - FEDERAÇÃO INTRAFEDERATIVA DAS COOPERATIVAS MÉDICAS;357138;Cooperativa Médica;SP;1355884021.34;15584873.81;26573791.54;87
UNIMED VARGINHA COOPERATIVA DE TRABALHO MÉDICO;344729;Cooperativa Médica;MG;1354581213.74;4925749.87;13354018.79;275
UNIMED TEOFILO OTONI COOPERATIVA DE TRABALHO MÉDICO;316881;Cooperativa Médica;MG;1347562309.56;8865541.51;17709476.45;152
MÚTUA DOS MAGISTRADOS DO ESTADO DO RIO DE JANEIRO;418650;Autogestão;RJ;1346042629.7;21365756.03;29565293.94;63
UNIMED PALMAS COOPERATIVA DE TRABALHO MÉDICO;309907;Cooperativa Médica;TO;1342110969.77;5161965.27;12588364.36;260
MED-TOUR ADMINISTRADORA DE BENEFÍCIOS E EMPREENDIMENTOS LTDA.;328537;Medicina de Grupo;SP;1334995726.65;11410219.89;25140738.14;117
UNIMED REGIONAL DE CAMPO MOURÃO COOP TRAB MEDICO ;306100;Cooperativa Médica;PR;1320448878.55;6348311.92;16616674.67;208
OPERADORA UNIESTE DE PLANOS DE SAÚDE LTDA;354511;Medicina de Grupo;RJ;1307274639.78;10375195.55;22138941.34;126
UNIMED ARARUAMA COOPERATIVA DE TRABALHO MÉDICO LTDA;335215;Cooperativa Médica;RJ;1296486788.56;4565094.33;12880956.27;284
UNIHOSP SAÚDE LTDA;385255;Medicina de Grupo;SP;1263878704.18;934130.6;8427241.74;1353
POLICLIN SAÚDE S/A.;415693;Medicina de Grupo;SP;1257405366.56;8164969.91;24768430.91;154
UNIMED ENCOSTA DA SERRA/RS SOCIEDADE COOPERATIVA DE SERVIÇOS DE SAÚDE LTDA.;311715;Cooperativa Médica;RS;1245240067.59;5712110.4;15145315.69;218
UNIMED METROPOLITANA DO AGRESTE - COOPERATIVA DE TRABALHO MÉDICO;318566;Cooperativa Médica;AL;1237514572.89;5451606.05;14296003.31;227
UNIMED COSTA DO DESCOBRIMENTO COOPERATIVA DE TRABALHO MÉDICO;324345;Cooperativa Médica;BA;1235631854.44;5969236.01;15687000.24;207
UNIMED MONTES CLAROS COOPERATIVA DE  TRABALHO MÉDICO LTDA.;304051;Cooperativa Médica;MG;1225390159.05;5726122.24;15031210.15;214
UNIMED CONSELHEIRO LAFAIETE COOPERATIVA DE TRABALHO MÉDICO LTDA;345709;Cooperativa Médica;MG;1193636285.88;3706944.99;11019196.88;322
UNIMED NORTE CAPIXABA- COOPERATIVA DE TRABALHO MÉDICO;371777;Cooperativa Médica;ES;1179041722.3;4271890.3;12841292.84;276
UNIMED GUARAPUAVA COOPERATIVA DE TRABALHO MÉDICO;322571;Cooperativa Médica;PR;1158133648.28;4559581.29;11236111.74;254
CAIXA DE ASSISTENCIA A SAUDE DA UNIVERSIDADE;316873;Autogestão;MG;1157186721.93;8766566.08;22387313.15;132
ASSOCIAÇÃO ADVENTISTA NORTE BRASILEIRA DE PREVENÇÃO E ASSISTÊNCIA A SAÚDE;406554;Filantropia;PA;1150863226.5;12787369.18;25305985.45;90
BENEFICENCIA CAMILIANA DO SUL;318299;Filantropia;SP;1150192564.79;14559399.55;29674334.26;79
UNIMED DE CATANDUVA - COOPERATIVA DE TRABALHO MÉDICO;351407;Cooperativa Médica;SP;1138787228.65;4555148.91;12010430.91;250
SIM - CAIXA DE ASSISTÊNCIA À SAÚDE;356476;Autogestão;SC;1136958896.52;8121134.98;19701870.75;140
HBC SAÚDE LTDA.;414352;Medicina de Grupo;SP;1135797963.44;10817123.46;23303932.69;105
UNIMED VALE DO CAÍ/RS - COOPERATIVA DE ASSISTÊNCIA À SAÚDE LTDA.;313211;Cooperativa Médica;RS;1122893713.03;5058079.79;13232701.72;222
ASSOCIAÇÃO DA SANTA CASA SAÚDE DE RIBEIRÃO PRETO;417947;Medicina de Grupo;SP;1114895744.26;8078954.67;16550607.5;138
UNIMED BARRA DO GARÇAS - COOPERATIVA DE TRABALHO MÉDICO;304468;Cooperativa Médica;MT;1099369249.23;3534949.35;10467364.98;311
UNIMED DE ASSIS COOPERATIVA DE TRABALHO MÉDICO;300713;Cooperativa Médica;SP;1098064206.06;3164450.16;9992096.01;347
IRMANDADE SANTA CASA DE MISERICÓRDIA DE MARINGÁ;336831;Filantropia;PR;1097697495.93;6098319.42;15812586.69;180
SAÚDE BRB - CAIXA DE ASSISTÊNCIA ;414310;Autogestão;DF;1079711676.06;6241107.95;15437643.1;173
SELECT OPERADORA DE PLANO DE SAUDE LTDA;358053;Medicina de Grupo;GO;1060194238.02;10818308.55;23601832.47;98
UNIMED EXTREMO SUL COOPERATIVA DE TRABALHO MÉDICO;346209;Cooperativa Médica;BA;1046009484.84;4754588.57;11618817.92;220
UNIMED POÇOS DE CALDAS - SOC. COOP. DE TRAB. E SERVIÇOS MÉDICOS;316148;Cooperativa Médica;MG;1042750822.84;4634448.1;13545890.6;225
FUNDAÇAO COMPESA DE PREVIDENCIA E ASSISTENCIA - COMPESAPREV;307751;Autogestão;PE;1041264814.76;8677206.79;21509620.01;120
UNIMED NORDESTE PAULISTA - FED. INTRAFEDERATIVA DAS COOP. MÉDICAS;328294;Cooperativa Médica;SP;1035646999.09;5538219.25;12602985.27;187
UNIMED DE BARRA MANSA SOC. COOP. SERV.MED.E HOSPIT.;330264;Cooperativa Médica;RJ;1032783862.54;6885225.75;15428509.29;150
CENTRAL REGIONAL DAS COOPERATIVAS MÉDICAS - UNIMED CERRADO;386596;Cooperativa Médica;GO;1030451245.32;6133638.36;13807086.31;168
UNIMED CURVELO COOPERATIVA DE TRABALHO MÉDICO LTDA.;330108;Cooperativa Médica;MG;1025623826.24;3362701.07;10155675.73;305
UNIMED INCONFIDENTES COOPERATIVA DE TRABALHO MÉDICO LTDA.;304395;Cooperativa Médica;MG;1023552292.84;4528992.45;12142808.48;226
UNIMED LITORAL SUL/RS - COOPERATIVA DE ASSISTÊNCIA À SAÚDE LTDA.;300136;Cooperativa Médica;RS;1022318087.98;3165071.48;9671679.76;323
ASSOCIAÇÃO SÃO FRANCISCO VIDA;419141;Medicina de Grupo;SP;1001349465.81;8141052.57;20784709.11;123
LUMINAR SAÚDE - ASSOCIAÇÃO DE ASSISTÊNCIA À SAÚDE;418374;Autogestão;DF;996076213.74;5270244.52;13526182.0;189
UNIMED DE PARANAGUÁ COOPERATIVA DE TRABALHO MÉDICO;361615;Cooperativa Médica;PR;992781139.27;2734934.27;9026681.86;363
UNIMED NORTE FLUMINENSE COOPERATIVA DE TRABALHO MEDICO;312592;Cooperativa Médica;RJ;991336488.23;5329766.07;11582054.34;186
ASSOCIAÇÃO BENEFICENTE DE ASSISTÊNCIA A SAÚDE DOS JUÍZES DO TRABALHO DA 15ª REGIÃO (ABAS 15);304131;Autogestão;SP;974601221.81;10709903.54;20704234.06;91
UNIMED DE SÃO ROQUE - COOPERATIVA DE TRABALHO MÉDICO;318388;Cooperativa Médica;SP;967526553.65;3651043.6;10787438.15;265
CENTRO HOSPITALAR ATIBAIA LTDA.;350699;Medicina de Grupo;SP;967206850.2;13070362.84;26272132.38;74
UNIMED DE BRUSQUE COOPERATIVA DE TRABALHO MÉDICO;348244;Cooperativa Médica;SC;955539974.16;3900163.16;9180605.22;245
UNIMED RESENDE COOPERATIVA DE TRABALHO MÉDICO;330566;Cooperativa Médica;RJ;944519890.16;4945130.31;12931652.54;191
UNIMED DE PARANAVAÍ COOPERATIVA DE TRABALHO MÉDICO;320862;Cooperativa Médica;PR;942407795.03;4509128.21;10478426.59;209
UNIMED MISSÕES/RS - COOPERATIVA DE ASSISTÊNCIA À SAÚDE LTDA.;311618;Cooperativa Médica;RS;937292620.91;4640062.48;11293443.05;202
ASSOCIAÇÃO PADRE ALBINO SAÚDE;420158;Medicina de Grupo;SP;937249873.45;10077955.63;19918459.44;93
IRMANDADE DA SANTA CASA DE MISERICÓRDIA DE RIO CLARO;347655;Filantropia;SP;929084392.02;5370430.01;14340686.77;173
AMESC - ASSOCIAÇÃO MÉDICA ESPÍRITA CRISTÃ;401081;Medicina de Grupo;RJ;923118491.01;7155957.29;17562526.32;129
CAIXA ASSISTENCIAL E BENEFICENTE DOS FUNCIONÁRIOS DA ACARESC;327557;Autogestão;SC;910765687.3;6746412.5;15716618.64;135
AMEPLAN ASSISTÊNCIA MÉDICA PLANEJADA LTDA;394734;Medicina de Grupo;SP;894195251.18;1525930.46;6535520.58;586
ASSOCIAÇÃO DOS SERVIDORES FISCAIS DO ESTADO DA BAHIA;335754;Autogestão;BA;879410005.69;9771222.29;20528109.8;90
UNIMED REGIONAL SUL GOIAS COOP. DE TRABALHO MÉDICO LTDA;305472;Cooperativa Médica;GO;877344167.02;2707852.37;8335400.91;324
ELOSAÚDE - ASSOCIAÇÃO DE ASSISTÊNCIA À SAÚDE;417297;Autogestão;SC;867334781.21;5132158.47;12670684.12;169
ASSOCIAÇÃO BENEFICENTE DOS PROFESSORES PÚBLICOS ATIVOS E INATIVOS DO RIO DE JANEIRO - APPAI;382540;Medicina de Grupo;RJ;863586036.01;12889343.82;22741757.72;67
UNIMED APUCARANA COOPERATIVA DE TRABALHO MÉDICO;358096;Cooperativa Médica;PR;861503058.25;4463746.42;10865739.55;193
UNIMED OESTE DO PARANA - COOPERATIVA DE TRABALHO MEDICO;305227;Cooperativa Médica;PR;858156933.23;2681740.42;8395822.34;320
UNIMED VALE DO AÇO COOPERATIVA DE TRABALHO MÉDICO;359289;Cooperativa Médica;MG;857832966.45;5230688.82;12555113.39;164
FUNDAÇÃO DE SEGURIDADE SOCIAL DA ARCELORMITTAL BRASIL - FUNSSEST;330809;Autogestão;ES;847705407.82;10465498.86;20341546.39;81
UNIMED DE JABOTICABAL COOP. DE TRABALHO MÉDICO;329886;Cooperativa Médica;SP;839264841.53;3468036.54;9829276.92;242
ASSOCIAÇÃO SANTA CASA SAÚDE DE ARAÇATUBA;418803;Medicina de Grupo;SP;836434353.29;1640067.36;6712905.31;510
SAÚDE SANTA TEREZA LTDA.;414930;Medicina de Grupo;SP;835758329.42;7143233.58;16936261.12;117
UNIMED JOÃO MONLEVADE COOPERATIVA DE TRABALHO MÉDICO LTDA.;352314;Cooperativa Médica;MG;825794225.13;3970164.54;9781855.01;208
AGROS - INSTITUTO UFV DE SEGURIDADE SOCIAL;368920;Autogestão;MG;818165163.53;6198220.94;15181688.85;132
SANTA CASA DE MAUÁ SAÚDE;421197;Medicina de Grupo;SP;812942054.29;600844.09;5379629.41;1353
UNIMED PARÁ DE MINAS COOPERATIVA DE TRABALHO MÉDICO LTDA.;304344;Cooperativa Médica;MG;808720521.39;3098546.06;8534311.57;261
UNIMED SÃO JOÃO DEL REI - COOPERATIVA DE TRABALHO MÉDICO;323926;Cooperativa Médica;MG;808399893.75;2591025.3;7979953.69;312
ASSOCIAÇAO DOS FUNCIONARIOS PUBLICOS DO ESTADO DO RIO GRANDE DO SUL;417599;Filantropia;RS;808168990.18;6076458.57;14792831.88;133
CAIXA DE ASSISTÊNCIA DOS EMPREGADOS DA SANEAGO;363855;Autogestão;GO;807202585.13;9843933.96;19951946.11;82
UNIMED DE CATALÃO COOPERATIVA DE TRABALHO MÉDICO;324566;Cooperativa Médica;GO;800690321.46;3924952.56;9565791.27;204
CAIXA DE ASSISTÊNCIA À SAÚDE DOS SERVIDORES PÚBLICOS DO ESTADO DO MATO GROSSO DO SUL;421341;Autogestão;MS;799537594.94;6011560.86;12977152.82;133
UNIMED OESTE DO PARÁ - COOPERATIVA DE TRABALHO MÉDICO;362140;Cooperativa Médica;PA;791616576.54;10994674.67;18245217.16;72
UNIMED ITABIRA COOPERATIVA DE TRABALHO MÉDICO;335517;Cooperativa Médica;MG;790333241.5;6272486.04;11039642.66;126
CAIXA DE ASSISTÊNCIA DOS SERVIDORES FAZENDÁRIOS ESTADUAIS;359122;Autogestão;CE;790157914.03;13169298.57;23866292.27;60
ID: 000477;N/I;Desconhecida;N/I;787352278.25;12113111.97;23733798.65;65
UNIMED ARAXÁ COOPERATIVA DE TRABALHO MÉDICO LTDA.;331651;Cooperativa Médica;MG;787340640.12;3124367.62;7706257.96;252
UNIMED OS BANDEIRANTES COOPERATIVA DE TRABALHO MÉDICO;415014;Cooperativa Médica;SP;778325324.35;3138408.57;8426753.67;248
OPERADORA UNICENTRAL DE PLANOS DE SAÚDE LTDA.;318477;Medicina de Grupo;SP;777133623.86;6119162.39;14107607.14;127
UNIMED DE CAÇAPAVA - COOPERATIVA DE TRABALHO MEDICO;334154;Cooperativa Médica;SP;772767353.84;2584506.2;7325980.97;299
SAMI ASSISTÊNCIA MÉDICA LTDA;422398;Medicina de Grupo;SP;769034958.55;9047470.1;17284034.34;85
ASSISTÊNCIA MÉDICA SÃO MIGUEL LTDA;325236;Medicina de Grupo;SP;766565660.13;566567.38;5007732.19;1353
GOCARE PLANOS DE SAUDE LTDA;422681;Medicina de Grupo;SP;762061403.48;5046764.26;9965251.03;151
UNIMED ERECHIM - COOPERATIVA DE SERVIÇOS DE SAÚDE LTDA.;357022;Cooperativa Médica;RS;761699133.91;3022615.61;8208146.15;252
UNIMED DE TATUI - COOPERATIVA DE TRABALHO MÉDICO;361941;Cooperativa Médica;SP;758849111.46;3110037.34;9097871.29;244
UNIMED FRONTEIRA NOROESTE/RS - COOPERATIVA DE ASSISTÊNCIA À SAÚDE LTDA.;352179;Cooperativa Médica;RS;756045082.46;2438855.1;7584115.22;310
OESTE SAÚDE ASSISTÊNCIA A SAÚDE SUPLEMENTAR S.A;416738;Medicina de Grupo;SP;750902014.15;7017775.83;14181677.77;107
FUNDAÇÃO DE SAÚDE ITAIGUAPY;311359;Medicina de Grupo;PR;747126541.54;6385696.94;16207070.54;117
UNIMED ALTO VALE - COOPERATIVA DE TRABALHO MÉDICO;372561;Cooperativa Médica;SC;746224591.82;2156718.47;6591202.64;346
NOVA SAÚDE OPERADORA INTEGRADA DE SAÚDE LTDA;423661;Medicina de Grupo;RJ;745740578.28;13810010.71;20104046.18;54
UNIMED ITAJUBA COOPERATIVA DE TRABALHO MEDICO;322831;Cooperativa Médica;MG;743605743.62;3047564.52;10520103.72;244
UNIMED DE LENÇOIS PAULISTA - COOPERATIVA DE TRABALHO MÉDICO;325031;Cooperativa Médica;SP;741537226.76;3295721.01;8282587.61;225
CAIXA DE ASSISTÊNCIA DOS EMPREGADOS DO SISTEMA FINANCEIRO BANESTES;343331;Autogestão;ES;734075380.35;7058417.12;12524459.08;104
UNIMED BARBACENA - COOPERATIVA DE TRABALHO MÉDICO LTDA;309087;Cooperativa Médica;MG;731520135.35;3603547.46;9257936.06;203
GARANTIA DE SAÚDE LTDA;343064;Medicina de Grupo;SP;730784610.29;8304370.57;16963775.86;88
METLIFE PLANOS ODONTOLÓGICOS LTDA.;406481;Odontologia de Grupo;SP;729106776.16;10415811.09;19628783.31;70
UNIMED CENTRO SUL FLUMINENSE COOPERATIVA DE TRABALHO MÉDICO;320897;Cooperativa Médica;RJ;722732401.05;3425272.04;9325799.79;211
UNIMED ARAGUARI COOPERATIVA DE TRABALHO MÉDICO ;354325;Cooperativa Médica;MG;721363026.75;3418782.12;8914124.4;211
UNIMED CABO FRIO COOPERATIVA TRABALHO MÉDICO LTDA.;323357;Cooperativa Médica;RJ;716370826.55;4264112.06;9383164.4;168
UNIMED SAÚDE E ODONTO S.A;416801;Medicina de Grupo;SP;712068383.49;8184694.06;17185975.79;87
UNIMED DE LINS - COOPERATIVA DE TRABALHOS MÉDICOS;354279;Cooperativa Médica;SP;707940237.36;2565000.86;7161112.79;276
VIVACOM PLANOS DE SAÚDE;361461;Autogestão;GO;699670715.03;4266284.85;10193666.93;164
ESMALE ASSISTENCIA INTERNACIONAL DE SAUDE LTDA.;395480;Medicina de Grupo;AL;692127173.85;8873425.31;14935505.17;78
UNIMED NOROESTE DO PARANÁ COOP DE TRABALHO MÉDICO .;365777;Cooperativa Médica;PR;691487351.26;2905409.04;7901240.76;238
PARANA ASSISTENCIA MEDICA LTDA;315265;Medicina de Grupo;PR;681353584.83;3183895.26;8466040.35;214
ASSOCIAÇÃO DE ASSISTÊNCIA À SAÚDE DA AMAGIS;416690;Autogestão;MG;678784850.06;5954253.07;11998297.55;114
UNIMED EXTREMO OESTE CATARINENSE COOPERATIVA DE TRABALHO MÉDICO;340251;Cooperativa Médica;SC;678096045.78;2456869.73;6688327.05;276
SISTEMAS E PLANOS DE SAÚDE LTDA.;352586;Medicina de Grupo;SP;675704650.72;7949466.48;12953395.29;85
UNIMED MEIO OESTE CATARINENSE COOPERATIVA DE TRABALHO MÉDICO;301744;Cooperativa Médica;SC;659714902.3;2243928.24;5916471.45;294
UNIODONTO DE CAMPINAS COOPERATIVA ODONTOLÓGICA;350494;Cooperativa odontológica;SP;656803497.78;7549465.49;14201756.25;87
IRMANDADE DA SANTA CASA DE MISERICORDIA DE LIMEIRA;319422;Filantropia;SP;654164186.23;5110657.7;11580211.07;128
UNIMED MURIAÉ COOPERATIVA DE TRABALHO MEDICO LTDA;368148;Cooperativa Médica;MG;652293598.95;4904463.15;10989233.73;133
UNIMED NORTE PIONEIRO - COOPERATIVA DE TRABALHO MÉDICO;366064;Cooperativa Médica;PR;651590946.63;2935094.35;7534005.79;222
UNIMED CENTRO PAULISTA - FEDERAÇÃO INTRAFEDERATIVA DAS COOPERATIVAS MÉDICAS;414573;Cooperativa Médica;SP;639749050.7;9139272.15;15645801.5;70
UNIMED DE GUARATINGUETA-COOPERATIVA DE TRABALHO MÉDICO;355577;Cooperativa Médica;SP;634867671.51;4176761.0;9219264.81;152
FUNDACAO LEONOR DE BARROS CAMARGO;410292;Filantropia;SP;632982827.61;6806266.96;13667375.64;93
UNIMED VALE DAS ANTAS, RS - COOPERATIVA DE ASSISTÊNCIA À SAÚDE LTDA.;335541;Cooperativa Médica;RS;624476107.68;2497904.43;6344135.44;250
SULMED - ASSISTÊNCIA MÉDICA LTDA;338346;Medicina de Grupo;RS;621011021.53;3718628.87;11363323.5;167
UNIMED LAVRAS COOPERATIVA DE TRABALHO MÉDICO;345458;Cooperativa Médica;MG;619956795.84;1961888.59;6475035.47;316
CAIXA ASSISTENCIAL UNIVERSITÁRIA DO RIO GRANDE DO NORTE;314251;Autogestão;RN;615583099.84;6218011.11;11631815.34;99
PLAMED PLANO DE ASSISTENCIA MEDICA LTDA;343463;Medicina de Grupo;SE;606513629.52;8086848.39;15834351.39;75
UNIMED ALTA MOGIANA COOPERATIVA DE TRABALHO MÉDICO;324159;Cooperativa Médica;SP;606460031.24;2958341.62;7229187.34;205
UNIMED TRÊS RIOS COOPERATIVA DE TRABALHO MÉDICO;337498;Cooperativa Médica;RJ;602470749.5;3274297.55;7781021.05;184
HOSPITAIS E CLÍNICAS DO PIAUÍ S/S LTDA;416398;Medicina de Grupo;PI;594064760.93;5657759.63;11580079.46;105
CAIXA DE ASSISTÊNCIA À SAUDE DOS EMPREGADOS DA CODEVASF - CASEC;412295;Autogestão;DF;587359490.89;6248505.22;13260258.38;94
ASSOCIAÇÃO DE SAÚDE DO VALE;422321;Medicina de Grupo;SC;586454831.1;5236203.85;10966944.14;112
ASSOCIAÇÃO DE SAÚDE DOS FORNECEDORES DE CANA DE PIRACICABA E REGIÃO;418731;Medicina de Grupo;SP;580057391.09;5273249.01;13092045.0;110
MATÃO CLINICAS & AMHMA SAÚDE LTDA;416495;Medicina de Grupo;SP;578553990.86;4317567.1;10155355.96;134
UNIMED DE SOBRAL SOCIEDADE COOPERATIVA MÉDICA LTDA;303178;Cooperativa Médica;CE;578097576.71;3461662.14;8026481.72;167
UNIMED DE IBITINGA COOPERATIVA DE TRABALHO MÉDICO;365238;Cooperativa Médica;SP;577247557.43;3724177.79;8826689.99;155
UNIMED SUL PAULISTA - COOPERATIVA DE TRABALHO MÉDICO;353027;Cooperativa Médica;SP;574937317.39;2532763.51;7150506.58;227
ASSOCIAÇÃO DE ASSISTÊNCIA MÉDICO HOSPITALAR DOS MAGISTRADOS DO ESTADO DO PARANÁ;417955;Autogestão;PR;573805230.44;5625541.47;9961132.19;102
PRONTOMED PLANOS DE SAÚDE LTDA;301728;Medicina de Grupo;MG;573206141.55;3674398.34;8339408.17;156
TEMPO MED PLANO DE SAUDE LTDA;422771;Medicina de Grupo;SC;571647349.02;3736257.18;10006245.22;153
ID: 349534;N/I;Desconhecida;N/I;570745128.66;3523118.08;8206832.13;162
ASSOCIAÇÃO DO PLANO DE SAÚDE DA SANTA CASA DE MISERICÓRDIA DE ITABUNA - PLANSUL;420000;Medicina de Grupo;BA;554576184.7;3340820.39;7836118.3;166
AMHE MED ASSISTENCIA A SAUDE LTDA - EPP;421731;Medicina de Grupo;SP;554441764.62;1087140.71;6247751.4;510
UNIMED COSTA VERDE RJ;311146;Cooperativa Médica;RJ;551909247.78;3100613.75;7454514.39;178
SUL AMÉRICA ODONTOLÓGICO S/A;417815;Odontologia de Grupo;SP;548108422.37;4315814.35;9691391.83;127
UNIMED ITAÚNA COOPERATIVA DE TRABALHO MÉDICO LTDA.;356581;Cooperativa Médica;MG;548076833.7;1883425.55;5482891.35;291
ASSOCIAÇÃO MINEIRA DE ASSISTÊNCIA À SAÚDE DOS MEMBROS DO MINISTÉRIO PÚBLICO;417211;Autogestão;MG;547491024.15;13035500.58;17409733.28;42
UNIMED CAÇADOR COOPERATIVA DE TRABALHO MÉDICO DA REGIÃO DO CONTESTADO;346951;Cooperativa Médica;SC;546465354.8;2802386.43;7951015.9;195
SÃO FRANCISCO ASSISTÊNCIA MÉDICA LTDA;403962;Medicina de Grupo;PE;545421011.81;5681468.87;10941767.86;96
UNIMED ITUIUTABA COOPERATIVA TRABALHO MÉDICO LTDA.;301060;Cooperativa Médica;MG;539225006.68;2122933.1;6133936.56;254
SANTA CASA DE MISERICORDIA DE SAO JOAQUIM DA BARRA;345091;Filantropia;SP;536767627.77;3397263.47;8186915.8;158
BEST SENIOR OPERADORA DE SAÚDE LTDA;421766;Medicina de Grupo;ES;535612910.95;4698358.87;11754138.11;114
UNIMED NOROESTE FLUMINENSE - COOPERATIVA DE TRABALHO MÉDICO LTDA;360414;Cooperativa Médica;RJ;533479333.35;4806120.12;9152519.31;111
ELETROS SAÚDE - ASSOCIAÇÃO DE ASSISTÊNCIA À SAÚDE;422070;Autogestão;RJ;531689227.24;3302417.56;8640644.62;161
UNIMED GUAXUPÉ COOPERATIVA DE TRABALHO MEDICO;318035;Cooperativa Médica;MG;527892352.26;2038194.41;5301867.59;259
PLADISA PLANOS DE SAÚDE SA;419486;Medicina de Grupo;SC;525867079.85;3651854.72;9338252.63;144
UNIMED SÃO LOURENÇO COOPERATIVA DE TRABALHO MÉDICO;370088;Cooperativa Médica;MG;525177915.92;2152368.51;5950894.79;244
FUNDAÇÃO LIBERTAS DE SEGURIDADE SOCIAL;378216;Autogestão;MG;523026827.27;3762782.93;9855713.36;139
VITA ASSISTÊNCIA A SAÚDE LTDA.;414905;Medicina de Grupo;MG;522578250.46;3307457.28;7399162.85;158
UNIMED ALTO DA SERRA - SOCIEDADE COOPERATIVA DE SERVIÇO MÉDICO LTDA.;343684;Cooperativa Médica;RS;522554729.17;2271977.08;5546583.65;230
UNIMED DE PINDAMONHANGABA - COOPERATIVA TRABALHO MEDICO;342343;Cooperativa Médica;SP;517374786.97;1663584.52;5307659.96;311
COOPERATIVA DE TRABALHO MÉDICO DO PLANALTO NORTE DE SANTA CATARINA LTDA;317012;Cooperativa Médica;SC;515521256.63;1802521.88;5236970.11;286
UNIMED NORTE PAULISTA - COOPERATIVA DE TRABALHO MÉDICO;323055;Cooperativa Médica;SP;515261037.4;2129177.84;6240215.21;242
AMHA SAUDE S/A;418587;Medicina de Grupo;SP;513091093.59;4581170.48;11772690.42;112
SAMOC S.A. - SOCIEDADE ASSISTENCIAL MÉDICA E ODONTO CIRÚRGICA;343676;Medicina de Grupo;RJ;510200117.84;4724075.17;9230851.47;108
ASSOCIAÇÃO MAIS SAÚDE SANTA CASA DE SÃO JOÃO DA BOA VISTA;419150;Medicina de Grupo;SP;507728009.19;5128565.75;11598057.17;99
INSTITUIÇÃO BENEFICENTE CEL MASSOT - IBCM;419427;Autogestão;RS;505637985.15;4178826.32;9565288.91;121
CAIXA DE ASSISTÊNCIA À SAÚDE DO SINDICATO DOS FUNCIONÁRIOS INTEGRANTES DO GRUPO OCUPACIONAL ADMINISTRAÇÃO TRIBUTÁRIA DO ESTADO DE PERNAMBUCO;417661;Autogestão;PE;504568930.22;5544713.52;12474668.01;91
COOPERATIVA DE TRABALHO MEDICO REGIÃO DO PLANALTO SERRANO;318213;Cooperativa Médica;SC;502914911.75;1408725.24;4155826.61;357
COOPERATIVA DE TRABALHO MEDICO DE ARAGUAÍNA - UNIMED ARAGUAÍNA;313084;Cooperativa Médica;TO;502197687.88;1224872.41;3900789.59;410
SÃO DOMINGOS SAÚDE- ASSISTÊNCIA MÉDICA  LTDA;319180;Medicina de Grupo;SP;496510534.85;3521351.31;8824519.3;141
SAÚDE BRASIL ASSISTÊNCIA MÉDICA LTDA.;421154;Medicina de Grupo;SP;490148542.8;5766453.44;7656489.63;85
AMAZÔNIA PLANOS DE SAÚDE LTDA;419052;Medicina de Grupo;PA;485738161.51;5167427.25;10944312.13;94
UNIMED PATROCÍNIO COOPERATIVA DE TRABALHO MÉDICO LTDA.;355593;Cooperativa Médica;MG;480624727.23;2670137.37;6097245.2;180
UNIMED MARQUES DE VALENÇA COOPERATIVA DE TRABALHO MÉDICO LTDA.;321087;Cooperativa Médica;RJ;478269082.38;3007981.65;6719403.81;159
PLANO DE SAUDE ASES LTDA.;411582;Medicina de Grupo;RJ;478057550.96;3124559.16;8454451.15;153
UNIMED REGIONAL DE TRES LAGOAS COOPERATIVA DE TRABALHO MÉDICO;342386;Cooperativa Médica;MS;475846224.87;1982692.6;6170516.43;240
UNIMED DE BIRIGUI - COOPERATIVA DE TRABALHO MÉDICO;345776;Cooperativa Médica;SP;474736851.42;1764821.01;5236080.59;269
ASSOCIAÇÃO SAÚDE SÃO JOSÉ;418919;Medicina de Grupo;SC;473018787.19;3051734.11;7324756.16;155
UNIMED DE LORENA COOPERATIVA DE TRABALHO MÉDICO;385620;Cooperativa Médica;SP;471841271.57;2236214.56;5753652.89;211
UNIMED DE TAUBATÉ COOPERATIVA DE TRABALHO MÉDICO;363286;Cooperativa Médica;SP;469591271.36;2174033.66;5347864.4;216
ASSOCIAÇÃO POLICIAL DE ASSISTÊNCIA À SAÚDE DE BAURU;406945;Autogestão;SP;469191221.74;4384964.69;9786328.49;107
UNIMED VALE DO JAURU COOPERATIVA DE TRABALHO MÉDICO;370975;Cooperativa Médica;MT;465033567.7;2302146.37;5921807.44;202
ASSOCIAÇÃO SÃO LUIZ SAÚDE;421006;Medicina de Grupo;SP;461669939.44;4759483.91;11208521.63;97
UNIMED DE BARRETOS COOPERATIVA DE TRABALHO MÉDICO;347108;Cooperativa Médica;SP;460575350.87;3411669.27;7643597.74;135
UNIMED ALTO SÃO FRANCISCO COOPERATIVA DE TRABALHO MÉDICO;348261;Cooperativa Médica;MG;460273458.21;1673721.67;4590310.75;275
CAIXA DE ASSISTÊNCIA DOS FUNCIONÁRIOS DO BANCO DA AMAZÔNIA - CASF;358754;Autogestão;PA;458824604.94;3324815.98;7757903.91;138
IRMANDADE DE MISERICÓRDIA DO HOSPITAL DA SANTA CASA DE MONTE ALTO;333808;Filantropia;SP;458050351.9;4126579.75;8604077.67;111
UNIMED DE AVARÉ COOPERATIVA DE TRABALHO MÉDICO;304123;Cooperativa Médica;SP;450909782.45;2087545.29;5342126.9;216
UNIMED NORTE DO PARANÁ COOPERATIVA REGIONAL DE TRABALHO MÉDICO;358282;Cooperativa Médica;PR;450212297.67;1673651.66;3816102.63;269
DENTAL UNI - COOPERATIVA ODONTOLÓGICA;304484;Cooperativa odontológica;PR;444829916.65;7060792.33;11185772.42;63
ANAFE SAUDE;423319;Autogestão;GO;444723721.7;4235464.02;9310993.25;105
UNIMED-RIO COOPERATIVA DE TRABALHO MEDICO DO RIO DE JANEIRO;393321;Cooperativa Médica;RJ;438286071.6;18261919.65;28517461.23;24
UNIMED DE ANDRADINA - COOPERATIVA DE TRABALHO MÉDICO;303844;Cooperativa Médica;SP;437581366.25;1854158.33;4446393.33;236
UNITY SERVIÇOS INTEGRADOS DE SAÚDE LTDA.;423335;Medicina de Grupo;DF;435506272.01;4536523.67;8862692.94;96
CAIXA DE ASSISTÊNCIA AOS MEMBROS DA DEFENSORIA PÚBLICA DO ESTADO DO RIO DE JANEIRO;418820;Autogestão;RJ;433694408.1;4425453.14;7440683.01;98
CAIXA DE ASSISTÊNCIA SISTEMA SAÚDE INTEGRAL-SSI SAUDE;320820;Autogestão;RS;423087929.87;4807817.38;10480473.06;88
UNIMED DE CAPIVARI -COOPERATIVA DE TRABALHO MÉDICO;366340;Cooperativa Médica;SP;422097312.53;1502125.67;4741316.88;281
LEADER ASSISTÊNCIA MÉDICA E HOSPITALAR LTDA.;364592;Medicina de Grupo;SP;421799745.82;311751.48;3083008.24;1353
ASSOCIAÇÃO FUNDO DE PROTEÇÃO À SAÚDE;416584;Autogestão;PR;418966791.87;3580912.75;6991671.22;117
FEDERAÇÃO DAS SOCIEDADES COOPERATIVAS DE TRABALHO MÉDICO DO ACRE, AMAPÁ, AMAZONAS, PARÁ, RONDONIA E RORAIMA;313971;Cooperativa Médica;AM;414051801.03;8118662.77;24332309.37;51
ÚNICA ASSISTENCIA MEDICA LTDA ;421944;Medicina de Grupo;SP;412757650.4;6551708.74;14051442.91;63
IRMANDADE DA SANTA CASA DE MISERICÓRDIA DE PASSOS;333875;Filantropia;MG;411144719.27;2778004.86;7245666.61;148
IRMANDADE DE MISERICORDIA DE PORTO FERREIRA;329355;Filantropia;SP;406959121.78;5024186.69;10182255.4;81
GS PLANO GLOBAL DE SAÚDE LTDA;413160;Medicina de Grupo;RJ;402797088.55;3222376.71;8008878.44;125
UNIMED SÃO SEBASTIÃO DO PARAÍSO COOPERATIVA DE TRABALHO MÉDICO;327352;Cooperativa Médica;MG;399913459.45;2019764.95;3533993.91;198
UNIMED VERTENTE DO CAPARAÓ - COOPERATIVA DE TRABALHO MÉDICO LTDA;317896;Cooperativa Médica;MG;395425673.02;2221492.55;4678465.82;178
UNIMED CATAGUASES COOPERATIVA DE TRABALHO MÉDICO LTDA;315648;Cooperativa Médica;MG;392297039.82;1343483.01;3834648.33;292
UNIMED DE TUPA COOPERATIVA DE TRABALHO MÉDICO;365530;Cooperativa Médica;SP;384197517.62;1581059.74;4682952.44;243
MAIS SAÚDE PLANO DE SAÚDE LTDA;415065;Medicina de Grupo;GO;381430636.18;14127060.6;14113208.53;27
ASSOCIAÇÃO DOS AUDITORES FISCAIS DO ESTADO DA PARAÍBA - AFRAFEP;330281;Autogestão;PB;379945678.39;6332427.97;11624179.3;60
OPERADORA DE PLANOS PRIVADOS DE SAÚDE - SANTA CASA SAÚDE LTDA;419699;Medicina de Grupo;MS;379328420.85;3059100.17;6454965.48;124
SANTA CASA DE MISERICÓRDIA DE VOTUPORANGA;330116;Filantropia;SP;375504383.48;3209439.18;6590960.49;117
BIO SAÚDE SERVIÇOS MÉDICOS LTDA;402966;Medicina de Grupo;SP;375328717.58;3643968.13;4892093.96;103
UNIMED VIÇOSA - COOPERATIVA DE TRABALHO MÉDICO;314587;Cooperativa Médica;MG;372313716.94;1597912.95;4501374.69;233
ASSOCIAÇÃO DOS FUNCIONÁRIOS DO FISCO DO ESTADO DE GOIÁS;306754;Autogestão;GO;371196510.72;6512219.49;10203607.64;57
UNIMED DE MINEIROS COOPERATIVA DE TRABALHO MÉDICO ;357715;Cooperativa Médica;GO;369290994.16;1884137.73;4788594.31;196
INTERMEDICI PIRACICABA ASSISTENCIA MEDICA LTDA;312282;Medicina de Grupo;SP;368080247.02;2726520.35;6658602.78;135
UNIMED DE UBA COOPERATIVA DE TRABALHO MEDICO;362573;Cooperativa Médica;MG;367099533.66;1486232.93;4230090.67;247
ASSOCIAÇÃO POLICIAL DE ASSISTÊNCIA À SAÚDE;410128;Autogestão;SP;365164563.67;3651645.64;8286612.28;100
CONFERÊNCIA SÃO JOSÉ DO AVAÍ;321931;Filantropia;RJ;364624074.86;3064067.86;6472958.66;119
UNIMED VILHENA - COOPERATIVA DE TRABALHO MEDICO LTDA;342131;Cooperativa Médica;RO;361155595.01;2188821.79;4584585.58;165
CAIXA DE ASSISTÊNCIA DOS MAGISTRADOS DE PERNAMBUCO;302627;Autogestão;PE;360319852.3;2953441.41;6500085.75;122
UNIMED DE PIRASSUNUNGA COOPERATIVA DE TRABALHO MÉDICO;314242;Cooperativa Médica;SP;358247279.16;2341485.48;5437469.39;153
UNIMED TRÊS CORAÇÕES COOPERATIVA DE TRABALHO MÉDICO LTDA.;359033;Cooperativa Médica;MG;356865745.38;1622117.02;4023999.6;220
UNIMED DE MOCOCA COOPERATIVA DE TRAB. MÉDICO;328308;Cooperativa Médica;SP;354612995.35;1555320.16;4777984.15;228
UNIMED GURUPI COOPERATIVA DE TRABALHO MÉDICO;301124;Cooperativa Médica;TO;353767365.39;1277138.5;3293748.39;277
ASSOCIAÇÃO PARANAENSE DE ASSISTÊNCIA À SAUDE DOS MEMBROS DO MINISTERIO PUBLICO DO PARANÁ;418617;Autogestão;PR;353640282.18;3886156.95;6758504.81;91
UNIMED PONTAL DO TRIÂNGULO - COOPERATIVA DE TRABALHO MÉDICO;353876;Cooperativa Médica;MG;350792210.48;1473916.85;4051462.11;238
UNIMED CARATINGA - COOPERATIVA DE TRABALHO MÉDICO LTDA;347736;Cooperativa Médica;MG;349160660.91;2155312.72;4457954.34;162
UNIMED NOROESTE DE MINAS COOPERATIVA DE TRABALHO MEDICO LTDA;315494;Cooperativa Médica;MG;346042405.54;1704642.39;4056306.73;203
TERRAMAR ADMINISTRADORA DE PLANO DE SAUDE LTDA;412759;Medicina de Grupo;BA;333424901.66;4274678.23;6666184.18;78
PLANO ODONTOLÓGICO DENTALVIDAS LTDA.;415936;Odontologia de Grupo;SP;324812234.87;5698460.26;10888709.1;57
FUNDAÇÃO FILANTRÓPICA E BENEFICENTE DE SAÚDE ARNALDO GAVAZZA FILHO;323942;Filantropia;MG;324723272.81;2136337.32;4968433.4;152
UNIMED FRUTAL COOPERATIVA DE TRABALHO MEDICO LTDA;371564;Cooperativa Médica;MG;324334685.47;979863.1;2957448.46;331
UNIMED PLANALTO CENTRAL/RS - COOPERATIVA DE ASSISTÊNCIA  À SAÚDE LTDA.;362832;Cooperativa Médica;RS;324316826.98;1832298.46;4084722.86;177
UNIODONTO DE SÃO JOSÉ DOS CAMPOS COOPERATIVA DE TRABALHO ODONTOLÓGICO;313751;Cooperativa odontológica;SP;319522156.17;5605651.86;7979771.58;57
UNIMED VALE DO PIQUIRI-COOPERATIVA DE TRABALHO MÉDICO VALE DO PIQUIRI ;308811;Cooperativa Médica;PR;315978507.27;1671843.95;4333545.83;189
UNIMED ALFENAS COOPERATIVA DE TRABALHO MEDICO;354996;Cooperativa Médica;MG;310921800.09;1487664.12;3875179.51;209
POLI SAUDE OPERADORA DE PLANO DE SAUDE LTDA;351270;Medicina de Grupo;PR;309998564.56;2719285.65;5837698.55;114
AMPARA ASSISTÊNCIA MÉDICA PARAÍSO LTDA;325465;Medicina de Grupo;MG;309818892.86;2278080.09;5246870.37;136
FUNDAÇÃO FIAT SAÚDE E BEM ESTAR;418285;Autogestão;MG;308851967.07;4609730.85;14212813.67;67
AMEP FREGUESIA OPERADORA DE PLANO DE SAUDE LTDA;413330;Medicina de Grupo;RJ;308048951.82;2775215.78;6647135.14;111
PRONTOCLINICA E HOSPITAIS SAO LUCAS S/A;305626;Medicina de Grupo;MG;299962413.63;1657250.9;3770879.95;181
UNIMED REGIÃO DA CAMPANHA/RS - COOPERATIVA DE ASSISTÊNCIA À SAÚDE LTDA.;350648;Cooperativa Médica;RS;299687654.57;1243517.24;3518767.12;241
BRASILDENTAL OPERADORA DE PLANOS ODONTOLÓGICOS S.A.;419419;Odontologia de Grupo;SP;298290093.5;4386619.02;8232336.07;68
FUNDAÇÃO DE ASSISTÊNCIA À SAÚDE DA ASSOCIAÇÃO DO MINISTÉRIO PÚBLICO DO RIO GRANDE DO SUL;420701;Autogestão;RS;292409993.2;3361034.4;6625907.66;87
SF SISTEMAS DE SAÚDE LTDA;422371;Medicina de Grupo;SP;289843855.4;214223.1;1814567.56;1353
ASSOCIAÇÃO FCA SAÚDE;422053;Autogestão;MG;287504747.73;3938421.2;12994577.43;73
UNIMED DE SAO JOSÉ DO RIO PARDO-COOP. DE TRAB. MÉDICO;354619;Cooperativa Médica;SP;287502720.13;2039026.38;4443799.48;141
UNIMED LEOPOLDINA COOPERATIVA DE TRABALHO MÉDICO LTDA;386901;Cooperativa Médica;MG;283186828.74;1726748.96;4232576.48;164
PREVIDENT ASSISTÊNCIA ODONTOLÓGICA S.A;374440;Odontologia de Grupo;SP;277816754.71;5144754.72;7967572.8;54
UNIMED DE ADAMANTINA-COOPERATIVA DE TRABALHO MÉDICO;311944;Cooperativa Médica;SP;276724705.87;970963.88;2995450.58;285
CAIXA DE ASSISTÊNCIA DOS EMPREGADOS DO BANEB;315583;Autogestão;BA;275496144.87;2811185.15;4868723.66;98
ASSOCIAÇÃO PLANO DE SAÚDE SANTA CASA DE VALINHOS;419958;Medicina de Grupo;SP;273685399.02;202280.41;1783830.19;1353
UNIMED DE DRACENA - COOPERATIVA DE TRABALHO MÉDICO;314781;Cooperativa Médica;SP;271596860.64;1002202.44;2836659.49;271
ASSOCIAÇÃO POLICIAL DE ASSISTÊNCIA À SAÚDE DE RIBEIRÃO PRETO (APAS);408794;Autogestão;SP;270985781.68;523138.57;2738835.59;518
UNIMED SUDOESTE DE MINAS COOPERATIVA DE TRABALHO MÉDICO;324175;Cooperativa Médica;MG;270676723.25;1432151.97;3617497.99;189
SBC SAÚDE LTDA.;412058;Medicina de Grupo;SP;269673652.32;2809100.54;5804765.69;96
PLAMER PLANO MEDICO RESENDE LTDA;324299;Medicina de Grupo;RJ;265034678.47;193738.8;1613459.63;1368
SOCIEDADE BENEFICENTE DEZOITO DE JULHO;413721;Medicina de Grupo;MG;262106242.46;3798641.2;6475651.48;69
ASSOCIACAO DOS PROFESSORES UNIVERSITÁRIOS DA BAHIA;343129;Autogestão;BA;258898107.38;2212804.34;5065398.66;117
UNIMED CALDAS NOVAS - COOPERATIVA DE TRABALHO MEDICO;343765;Cooperativa Médica;GO;252446204.9;1829320.33;4041002.94;138
IRMANDADE DA SANTA CASA DE MISERICÓRDIA E MATERNIDADE DONA ZILDA SALVAGNI;321320;Filantropia;SP;251519122.53;3493321.15;6152706.35;72
CAIXA DE ASSISTÊNCIA DOS EMPREGADOS DO BANESE;335789;Autogestão;SE;246092417.61;2618004.44;5371381.88;94
UNIMED DE REGISTRO COOPERATIVA DE TRABALHO MÉDICO;351776;Cooperativa Médica;SP;242447285.81;202039.4;1650875.33;1200
UNIMED DE MONTE ALTO - COOPERATIVA DE TRABALHO MÉDICO;309524;Cooperativa Médica;SP;240746071.02;1626662.64;3867272.46;148
FILOSANITAS SAUDE LTDA;410888;Medicina de Grupo;SP;240613413.68;2673482.37;4785751.57;90
UNIMED TRÊS PONTAS - COOPERATIVA DE TRABALHO MÉDICO;364070;Cooperativa Médica;MG;239448201.33;1006084.88;2899202.27;238
UNIX SAÚDE S.A;418137;Medicina de Grupo;BA;235917751.39;2016391.04;3539229.89;117
UNIMED VALE DO CORUMBÁ COOPERATIVA DE TRABALHO MEDICO;302228;Cooperativa Médica;GO;235734152.45;1648490.58;3825345.07;143
UNIMED REGIONAL DE FLORIANO - COOPERATIVA DE TRABALHO MÉDICO;316458;Cooperativa Médica;PI;233747731.33;2032588.97;3936321.82;115
ASSOCIAÇÃO POLICIAL DE ASSISTÊNCIA A SAÚDE DA BAIXADA SANTISTA;410110;Autogestão;SP;232378267.3;2766407.94;5396853.06;84
ADVANCE PLANOS DE SAÚDE LTDA;335657;Medicina de Grupo;SP;232209439.49;3414844.7;6309888.22;68
ASSOCIAÇÃO DOS AUDITORES FISCAIS DA RECEITA ESTADUAL DO RIO DE JANEIRO;387185;Autogestão;RJ;231204061.85;4816751.29;6297876.37;48
TRINO - ALIANCA FILANTRÓPICA DE ASSISTÊNCIA E INTEGRAÇÃO PARA O DESENVOLVIMENTO DA SAUDE;422827;Medicina de Grupo;ES;230259639.87;2708936.94;5667974.32;85
ASSOCIAÇÃO DOS EMPREGADOS DA COMPANHIA ESTADUAL DE HABITAÇÃO E OBRAS PÚBLICAS - ASSEC;384704;Autogestão;SE;230199477.75;2841968.86;6200852.65;81
UNIMED REGIÃO DA FRONTEIRA - RS COOPERATIVA DE ASSISTÊNCIA À SAÚDE LTDA.;328375;Cooperativa Médica;RS;229611870.97;1214877.62;3217293.87;189
FUNDACAO CAPITAL PREVIDENCIA E SAUDE - CAPITAL PREV;329665;Autogestão;ES;227827361.32;2680321.9;6004134.58;85
FEDERAÇÃO DAS COOP ODONTOLÓGICAS DO ESTADO DE SANTA CATARINA;415626;Cooperativa odontológica;SC;224619095.71;2879732.0;5215760.88;78
PB ASSISTENCIA MEDICA EU LTDA;422584;Medicina de Grupo;BA;222783325.22;2531628.7;4232534.07;88
SV SAUDE ADMINSTRADORES DE PLANO DE SAUDE LTDA;412252;Medicina de Grupo;RJ;222467421.2;2341762.33;5156096.03;95
ASSOCIAÇÃO SANTA CASA CLÍNICAS DE BIRIGUI;420786;Medicina de Grupo;SP;221108194.28;2126040.33;4197094.91;104
ALLIANZ SAÚDE S/A;000515;Seguradora Especializada em Saúde;SP;219149068.38;421440.52;2468235.31;520
ASSOCIAÇÃO VALEPARAIBANA DE ASSISTÊNCIA MÉDICA POLICIAL;412635;Autogestão;SP;216719302.36;3140859.45;5673907.82;69
ASSOCIAÇÃO POLICIAL DE ASSISTÊNCIA À SAÚDE DE ARAÇATUBA (APAS);414212;Autogestão;SP;215857416.94;2180377.95;5034636.19;99
UNIMED CACERES COOPERATIVA DE TRABALHO MÉDICO ;350346;Cooperativa Médica;MT;215567357.22;887108.47;2149057.04;243
ASSOCIAÇÃO POLICIAL DE ASSISTÊNCIA À SAÚDE;406937;Autogestão;SP;214792437.38;159815.8;1155874.38;1344
UNIMED SUDOESTE PAULISTA COOPERATIVA DE TRABALHO MÉDICO;327468;Cooperativa Médica;SP;209644959.98;1255359.04;3186968.95;167
UNIODONTO BELÉM - COOPERATIVA DE ASSISTÊNCIA À SAÚDE ODONTOLÓGICA;368555;Cooperativa odontológica;PA;209556958.93;2408700.68;5474450.49;87
ASSOCIAÇÃO SAÚDE CONCEIÇÃO;330892;Medicina de Grupo;SC;208228090.24;2146681.34;4518850.49;97
ASSOCIAÇÃO DOS SERVIDORES MUNICIPAIS, ESTADUAIS E FEDERAIS DO RIO DE JANEIRO;309028;Medicina de Grupo;RJ;204069358.32;2720924.78;4130652.58;75
PESSOAL SAÚDE PLANOS DE ASSISTÊNCIA MÉDICA LTDA;310239;Medicina de Grupo;SP;203053734.03;150076.67;1354354.96;1353
EVANGELICO SAUDE LTDA.;401480;Medicina de Grupo;PR;202310046.57;1313701.6;3288748.01;154
ATÍVIA SERVIÇOS DE SAÚDE S/A;320510;Medicina de Grupo;SP;201282938.53;2287306.12;4444761.18;88
SANTA CASA DE MISERICORDIA HOSPITAL SÃO VICENTE;353264;Filantropia;SP;200503208.93;1891539.71;4448611.5;106
MAIS SAUDE S/A;419516;Medicina de Grupo;ES;194284786.16;3133625.58;5916713.76;62
UNIMED NORTE/NORDESTE-FEDERAÇÃO INTERFEDERATIVA DAS SOCIEDADES COOPERATIVAS DE TRABALHO MÉDICO EM RECUPERAÇÃO JUDICIAL;324213;Cooperativa Médica;PB;193466496.66;2303172.58;5556401.38;84
ASSOCIAÇÃO GOIANA DO MINISTÉRIO PÚBLICO;402206;Autogestão;GO;192810207.96;2410127.6;4512677.43;80
AME VVIDA PLANOS DE SAUDE INTEGRADO LTDA.;423351;Medicina de Grupo;RO;192745775.44;3059456.75;4937376.28;63
UNIMED REGIÃO DA PRODUÇÃO/RS - COOPERATIVA DE ASSISTÊNCIA À SAÚDE LTDA;353698;Cooperativa Médica;RS;192388372.21;811765.28;1994234.03;237
COOPERATIVA DOS USUÁRIOS DE SERVIÇOS DE SAÚDE LTDA.;406805;Medicina de Grupo;RS;189741655.56;1936139.34;3955417.17;98
SOCIEDADE PORTUGUESA DE BENEFICÊNCIA;413372;Filantropia;RS;185520217.56;1394888.85;3112964.36;133
UNIMED DE JATAÍ COOPERATIVA DE TRABALHO MÉDICO LTDA.;334847;Cooperativa Médica;GO;182911168.88;569816.73;1457032.03;321
UNIODONTO DE FORTALEZA COOPERATIVA DE TRABALHO ODONTOLOGICO LTDA;335258;Cooperativa odontológica;CE;181608551.06;3243009.84;4985148.94;56
SANTA CASA DE MISERICÓRDIA E BENEFICÊNCIA PORTUGUESA;422762;Filantropia;SP;177810972.99;2116797.3;4033074.06;84
UNIMED ALTO JACUÍ/RS - COOPERATIVA DE ASSISTÊNCIA À SAÚDE LTDA;352519;Cooperativa Médica;RS;171906121.64;725342.29;1862992.29;237
CAIXA DE ASSISTÊNCIA DO SINDFISCO - CASSIND;413518;Autogestão;SE;169007446.83;1988322.9;4430300.99;85
SANTA CASA DE SAÚDE - SCS;420085;Medicina de Grupo;ES;166623363.25;1602147.72;3330993.7;104
DESBAN - FUNDAÇÃO BDMG DE SEGURIDADE SOCIAL;357669;Autogestão;MG;166121236.85;1230527.68;3208417.85;135
UNIMED PATOS - COOPERATIVA DE TRABALHO MÉDICO;336467;Cooperativa Médica;PB;165386859.76;990340.48;2187138.86;167
UNIMED DO OESTE DA BAHIA COOPERATIVA DE TRABALHO MÉDICO;325082;Cooperativa Médica;BA;164675408.28;1892820.78;2471213.45;87
UNIMED DE PENAPOLIS - COOPERATIVA DE TRABALHO MEDICO;323004;Cooperativa Médica;SP;164675332.41;653473.54;1739168.43;252
UNIODONTO PORTO ALEGRE COOPERATIVA ODONTOLOGICA LTDA;366439;Cooperativa odontológica;RS;164101645.34;2604788.02;4295511.23;63
UNIODONTO/RN - COOPERATIVA ODONTOLOGICA DO RIO GRANDE DO NORTE;345318;Cooperativa odontológica;RN;163905437.34;2875533.99;4198890.62;57
HOSPITAL DE PRONTOCLINICA LTDA.;341941;Medicina de Grupo;RS;161300853.98;1536198.61;3005949.62;105
FUNASA SAÚDE;370592;Medicina de Grupo;PB;160393917.32;1688357.02;3091889.08;95
UNIODONTO DE SC COOPERATIVA ADMINISTRADORA DE CONTRATOS;342203;Cooperativa odontológica;SC;160342575.09;1619621.97;3343437.23;99
UNIODONTO REGIONAL COOPERATIVA ODONTOLOGICA;344451;Cooperativa odontológica;MG;157462314.46;2018747.62;3843708.53;78
UNIODONTO PIRACICABA - COOPERATIVA ODONTOLÓGICA;346004;Cooperativa odontológica;SP;157316395.93;2420252.25;4211552.49;65
UNIDENTIS ASSISTENCIA ODONTOLOGICA LTDA.;413429;Odontologia de Grupo;PB;155887750.24;3464172.23;4690979.0;45
UNIMED SÃO JOÃO NEPOMUCENO COOPERATIVA DE TRABALHO MÉDICO LTDA.;327638;Cooperativa Médica;MG;154804324.31;1090171.3;2390563.33;142
ATITUDE SAÚDE ASSISTÊNCIA MEDICA LTDA;422151;Medicina de Grupo;BA;154678182.61;1909607.19;3512188.92;81
UNIODONTO MACEIÓ COOPERATIVA ODONTOLÓGICA;321125;Cooperativa odontológica;AL;153477796.02;5684362.82;5793089.6;27
AURORA SAÚDE LTDA;423629;Medicina de Grupo;MG;153100050.37;1759770.69;3099735.29;87
UNIMED MACHADO COOPERATIVA DE TRABALHO MEDICO;354678;Cooperativa Médica;MG;153093603.23;981369.25;2087780.46;156
UNIMED VALE DO CARANGOLA COOPERATIVA DE TRABALHO MEDICO LTDA;337561;Cooperativa Médica;MG;151745238.4;1204327.29;2302069.73;126
COOPERATIVA DOS USUÁRIOS DE SERVIÇOS DE SAÚDE DO VALE DO RIO DOS SINOS LTDA;404241;Autogestão;RS;147940848.05;2144070.26;3930136.11;69
CARE PLUS ODONTOLOGIA ASSISTENCIAL LTDA.;389358;Odontologia de Grupo;SP;146677873.09;2095398.19;3482745.44;70
UNIMED DE CORUMBA COOPERATIVA DE TRABALHO MÉDICO;344788;Cooperativa Médica;MS;144134199.33;1134914.96;2171718.86;127
NACIONAL ODONTO OPERADORA DE PLANOS ODONTOLÓGICOS LTDA.;304441;Odontologia de Grupo;PE;142626161.42;3169470.25;3860069.32;45
UNIMED PONTE NOVA COOPERATIVA DE TRABALHO MEDICO LTDA;343722;Cooperativa Médica;MG;142558001.71;1018271.44;1983945.7;140
VIVENTERIS LTDA;414662;Odontologia de Grupo;PR;142503843.59;105324.35;771552.33;1353
VIDA TOP MAIS SAÚDE OPERADORA DE PLANOS DE SAÚDE LTDA.;422835;Medicina de Grupo;SP;142079800.07;1214357.27;2788442.43;117
UNIODONTO GOIANIA COOPERATIVA DE CIRURGIÕES DENTISTAS;358436;Cooperativa odontológica;GO;140906650.3;1329308.02;3079485.56;106
ASSOCIAÇAO UNISAUDE MARAU;333867;Medicina de Grupo;RS;139309636.39;1451142.05;2688244.57;96
SUL DO PARÁ LTDA;423718;Medicina de Grupo;PA;136406824.75;2393102.19;2800621.74;57
RIO DOCE SAÚDE;421359;Medicina de Grupo;ES;135702586.96;1280213.08;2796375.51;106
ON MED ASSISTÊNCIA MÉDICA LTDA;304212;Medicina de Grupo;RS;132774173.63;1240880.13;2691983.62;107
ASSOCIACAO POLICIAL DE ASSISTENCIA A SAUDE DE PRESIDENTE PRUDENTE (APAS);410608;Autogestão;SP;131409980.9;1314099.81;3031336.62;100
ID: 321338;N/I;Desconhecida;N/I;128882281.34;2527103.56;4076158.12;51
TOTAL ASSISTÊNCIA MÉDICA HOSPITALAR LTDA;423548;Medicina de Grupo;MG;121674120.49;2172752.15;2870620.75;56
UNIMED MORRINHOS COOPERATIVA DE TRABALHO MEDICO;342157;Cooperativa Médica;GO;119104113.41;832895.9;1764511.32;143
UNIMED REGIONAL DE PICOS - COOPERATIVA DE TRABALHO MÉDICO;313475;Cooperativa Médica;PI;116594384.98;2429049.69;3492751.01;48
ASSOCIAÇÃO POLICIAL DE ASSISTÊNCIA A SAÚDE;409413;Autogestão;SP;116393771.65;1454922.15;2931440.72;80
R.M.I. OPERADORA DE SAÚDE INTEGRADA LTDA;420271;Medicina de Grupo;SP;116122486.11;3055854.9;4588378.28;38
ODONTO EMPRESAS CONVENIOS DENTARIOS LTDA.;310981;Odontologia de Grupo;SP;114433508.38;2243794.28;3148022.39;51
FUNDAÇÃO PLAMHUV - PLANO MÉDICO HOSPITALAR DOS HOSPITAIS UNIDOS DE VIÇOSA;418501;Medicina de Grupo;MG;112853317.51;806095.13;1959385.83;140
UNIODONTO DE JOÃO PESSOA COOPERATIVA ODONTOLÓGICA;361569;Cooperativa odontológica;PB;111311196.98;2061318.46;3310697.71;54
UNIMED SOUSA - COOPERATIVA DE TRABALHO MÉDICO;343153;Cooperativa Médica;PB;106894441.75;1027831.17;1819860.53;104
SEPACO SAÚDE LTDA;407224;Medicina de Grupo;SP;104609853.69;1394798.05;2403124.31;75
UNIODONTO DO BRASIL CENTRAL NACIONAL DAS COOPERATIVAS ODONTÓLOGICAS;314315;Cooperativa odontológica;SP;102882014.41;1804947.62;2524100.72;57
HOSPITAL CESAR LEITE;314706;Filantropia;MG;102406313.21;957068.35;1815105.16;107
CAIXA DE ASSISTÊNCIA À SAÚDE DOS TRABALHADORES NAS INDÚSTRIAS METALÚRGICAS, MECÂNICAS E DO MATERIAL ELÉTRICO DE BRUSQUE;419851;Autogestão;SC;100953714.68;1328338.35;2530809.66;76
OPLAN SAÚDE OPERADORA DE PLANO DE SAÚDE LTDA;418226;Medicina de Grupo;RJ;100925105.49;848110.13;1700962.88;119
SOCIEDADE DE ASSISTÊNCIA MÉDICA - SAMEISA;411809;Autogestão;RS;100294399.02;1238202.46;2343706.35;81
CONFIANÇA ASSISTÊNCIA MÉDICO HOSPITALAR LTDA;410624;Medicina de Grupo;MG;99968345.26;1063493.03;1916007.61;94
ASSOCIACAO DE SAUDE HOLAMBRA;360783;Medicina de Grupo;SP;99473224.19;72714.35;718215.76;1368
ODONTOGROUP SISTEMA DE SAÚDE LTDA.;389854;Odontologia de Grupo;DF;99414571.0;2071136.9;3278222.09;48
UNIMED INTRAFEDERATIVA FEDERAÇÃO REGIONAL SUL DE MINAS;320838;Cooperativa Médica;MG;98596467.65;1083477.67;5038453.89;91
UNIMED CAMPO BELO- COOPERATIVA DE TRABALHO MÉDICO;367613;Cooperativa Médica;MG;98100789.77;464932.65;1022736.45;211
ASSOCIAÇÃO BENEFICENTE CATÓLICA;322326;Filantropia;MG;97883844.29;783070.75;1446989.09;125
ASSOCIAÇÃO DOS FUNCIONÁRIOS FISCAIS DO ESTADO DO AMAZONAS - AFFEAM;388092;Autogestão;AM;97677206.55;1502726.25;2738173.87;65
UNIODONTO PAULISTA-FEDERAÇÃO DAS COOPERATIVAS ODONTOLÓGICAS DO ESTADO DE SÃO PAULO;361593;Cooperativa odontológica;SP;94660625.45;2014055.86;2322878.18;47
CAIXA ASSISTENCIAL UNIVERSITARIA DO RIO DE JANEIRO;347825;Autogestão;RJ;93762494.53;868171.25;2097622.16;108
ANGELI SISTEMAS DE SAUDE S.A.;421871;Medicina de Grupo;PR;92547564.67;1028306.27;1982745.34;90
UNIODONTO DE MANAUS - COOPERATIVA ODONTOLÓGICA LTDA.;311391;Cooperativa odontológica;AM;91099545.35;1231074.94;2175572.32;74
SISTEMA TOTAL DE SAÚDE LTDA.;402001;Medicina de Grupo;SP;90579913.81;984564.28;1938854.24;92
HOSPITAL S.P. LTDA.;363189;Medicina de Grupo;RS;89546053.12;994956.15;1888969.15;90
ASSOCIAÇÃO POLICIAL DE ASSISTENCIA À SAUDE DE SAO JOAO DA BOA VISTA;408263;Autogestão;SP;88857578.32;1184767.71;2305387.58;75
AME-ASSISTÊNCIA MÉDICA A EMPRESAS LTDA;304531;Medicina de Grupo;MG;87876163.46;764140.55;1560927.84;115
MEDGOLD ASSISTENCIA MEDICA LTDA - ME;419753;Medicina de Grupo;MG;87359998.51;529454.54;1114637.71;165
MEDIC GLOBAL PLANOS DE SAÚDE LTDA.;411868;Medicina de Grupo;MG;85055039.86;691504.39;1373210.63;123
PORTOMED - PORTO SEGURO SERVIÇOS DE SAUDE LTDA;417491;Medicina de Grupo;SP;84367238.04;342956.25;1178673.73;246
PRONTO SOCORRO CONDE DE MOREIRA LIMA;417475;Medicina de Grupo;SP;83594177.7;568667.88;1226273.7;147
PLANO ASSISTENCIAL SÃO LUCAS LTDA;363391;Medicina de Grupo;MG;83127692.9;755706.3;1283586.69;110
PLAMESC PLANOS DE SAÚDE LTDA;419974;Medicina de Grupo;RJ;81277824.37;934227.87;1699972.89;87
ORALE ASSISTÊNCIA ODONTOLÓGICA LTDA;412996;Odontologia de Grupo;BA;79827250.78;1773938.91;1977705.69;45
PRIMA VIDA ODONTOLOGIA DE GRUPO LIMITADA;416525;Odontologia de Grupo;RJ;79542047.03;1262572.18;2029466.8;63
ASSOCIACAO POLICIAL DE ASSISTENCIA A SAUDE DE ITAPETININGA;406635;Autogestão;SP;78429179.74;659068.74;1456910.56;119
UNIODONTO DE AMERICANA COOPERATIVA ODONTOLÓGICA;347604;Cooperativa odontológica;SP;78340886.51;1243506.14;1818577.39;63
VOCÊ TOTAL PLANOS DE SAÚDE LIMITADA;422487;Medicina de Grupo;SP;76686873.84;1111403.97;1920513.44;69
SANTA CASA DE MISERICÓRDIA DE TUPÃ;306045;Filantropia;SP;74640525.49;888577.68;1685786.96;84
UNIMED DE BATATAIS - COOPERATIVA DE TRABALHO MÉDICO;313149;Cooperativa Médica;SP;72929379.7;602722.15;981954.79;121
COMSEDER - COOPERATIVA DE ASSISTÊNCIA MÉDICA DOS SERVIDORES DA SUPLAN E DO DER LTDA;390259;Autogestão;PB;72486202.77;1271687.77;1881148.57;57
ASSOCIACAO CIVIL PRÓ-SAÚDE DOS SERVIDORES DA UNIVERSIDADE ESTADUAL DE PONTA GROSSA;409634;Medicina de Grupo;PR;71758200.47;1039973.92;2012604.43;69
ASSOCIAÇÃO UNIVIDA SANTA RITA DO PASSA QUATRO;420123;Medicina de Grupo;SP;71425398.3;667527.09;1453981.22;107
SERVDONTO - PLANO DE ASSISTÊNCIA ODONTOLÓGICA LTDA;414701;Odontologia de Grupo;SE;71115048.13;1580334.4;2196985.83;45
DONA SAÚDE CLINICAS LTDA ;365645;Medicina de Grupo;SP;65673368.11;132405.98;620097.67;496
CEDPLAN SAÚDE LTDA EPP;418749;Medicina de Grupo;MG;65265171.13;701776.03;1175511.79;93
UNIODONTO UBERABA - COOPERATIVA DE ASSISTÊNCIA À SAÚDE ODONTOLÓGICA LTDA;370568;Cooperativa odontológica;MG;65128624.11;1163011.14;1788079.84;56
ASSOCIAÇÃO DO FISCO DE ALAGOAS;393533;Autogestão;AL;63386021.42;763687.01;4429971.85;83
S1 OPERADORA DE PLANO DE SAÚDE LTDA;420981;Medicina de Grupo;DF;62702709.28;46343.47;424211.25;1353
NOSAMED ASSISTÊNCIA MÉDICA LTDA.;305928;Medicina de Grupo;SP;62549369.13;694992.99;1347176.87;90
TELOS - FUNDAÇÃO EMBRATEL DE SEGURIDADE SOCIAL;316849;Autogestão;RJ;61467003.38;1576077.01;2301984.47;39
PLENUM ASSISTENCIA MEDICA  LTDA;423441;Medicina de Grupo;DF;61218573.29;2186377.62;2333258.48;28
UNIMED CAJAZEIRAS - SOCIEDADE COOPERATIVA DE TRABALHO MÉDICO;344141;Cooperativa Médica;PB;59796130.91;866610.59;2127406.49;69
UNIMED VALE DO URUCUIA - COOPERATIVA DE TRABALHO MEDICO LTDA;311057;Cooperativa Médica;MG;59518891.26;1102201.69;3902304.45;54
FUNDO DE ASSISTÊNCIA MÉDICO-HOSPITALAR DO MINISTÉRIO PÚBLICO;418129;Autogestão;MS;59437418.25;900566.94;1438472.04;66
CAIXA BENEFICENTE DOS FUNCIONÁRIOS DO GRUPO IGUAÇU;414026;Autogestão;PR;57590703.09;669659.34;1327518.31;86
UNIODONTO DE SOROCABA COOPERATIVA ODONTOLÓGICA;334243;Cooperativa odontológica;SP;56843241.24;997249.85;1633205.71;57
PERSONAL CARE OPERADORA DE SAÚDE SA;421707;Medicina de Grupo;SP;56329108.17;62449.12;462584.83;902
ASSOCIAÇÃO POLICIAL DE ASSISTÊNCIA À SAÚDE DE BARRETOS;407569;Autogestão;SP;55843251.31;41273.65;383884.29;1353
SEMPRE ODONTO PLANOS ODONTOLOGICOS LTDA;414654;Odontologia de Grupo;RJ;54522793.52;1009681.36;1401709.05;54
CARING SAÚDE ASSISTÊNCIA MÉDICA LTDA.;422304;Medicina de Grupo;RJ;54216826.86;1390175.05;1703292.37;39
UNIODONTO DE ARARAQUARA COOPERATIVA ODONTOLÓGICA;316997;Cooperativa odontológica;SP;53797413.37;853927.2;1426264.93;63
UNIODONTO VALE HISTORICO COOPERATIVA ODONTOLOGICA;382655;Cooperativa odontológica;SP;52771368.38;879522.81;1474445.29;60
UNIODONTO DO SUL GOIANO COOPERATIVA ODONTOLOGICA;358339;Cooperativa odontológica;GO;51663833.13;1230091.27;1526094.01;42
UNIODONTO DE JUNDIAÍ COOPERATIVA ODONTOLÓGICA;347795;Cooperativa odontológica;SP;51269536.85;854492.28;1217407.26;60
SAMIG - SERV. DE ASSISTENCIA MEDICA DA ILHA DO GOVERNADOR LTDA;340162;Medicina de Grupo;RJ;48890613.37;651874.84;831122.18;75
ASSOCIAÇÃO POLICIAL DE ASSISTÊNCIA À SAÚDE DE PRESIDENTE VENCESLAU;411248;Autogestão;SP;47798442.04;663867.25;1242973.45;72
ASSOCIAÇÃO POLICIAL DE ASSISTÊNCIA À SAÚDE DE DRACENA;408026;Autogestão;SP;47314320.36;543842.76;941188.56;87
ASSOCIAÇÃO DOS SERVIDORES PÚBLICOS DA ADMINISTRAÇÃO DIRETA DO GOVERNO DO ESTADO DO PARÁ - ASPARÁ;419591;Autogestão;PA;46713483.9;707780.06;1339746.5;66
PLANO DE ASSISTÊNCIA MÉDICA MINEIRA LTDA;382281;Medicina de Grupo;MG;46378825.07;572578.09;781745.36;81
ODONTOART PLANOS ODONTOLÓGICOS LTDA;414387;Odontologia de Grupo;CE;46311310.92;945128.79;1413616.19;49
UNIODONTO ESPIRITO SANTO COOPERATIVA ODONTOLOGICA;370711;Cooperativa odontológica;ES;45733847.38;662809.38;1165293.28;69
CAMIM OPERADORA DE PLANO DE SAÚDE LTDA;319872;Medicina de Grupo;RJ;45437514.21;797149.37;1104018.11;57
COOPERATIVA ODONTOLÓGICA POÇOS DE CALDAS;409791;Cooperativa odontológica;MG;45275802.7;794312.33;1307211.77;57
ASSOCIAÇÃO HOSPITAL SAÚDE DE VARGEM GRANDE DO SUL;421618;Medicina de Grupo;SP;45237364.57;628296.73;1129071.61;72
ASSOCIAÇÃO POLICIAL DE ASSISTÊNCIA À SAÚDE - VALE DO RIBEIRA;409405;Autogestão;SP;45164216.41;386018.94;822903.25;117
PLANO VIDA SAUDE SERVIÇOS ODONTOLOGICOS LTDA;415987;Odontologia de Grupo;SE;44517903.97;989286.75;1234656.31;45
UNIODONTO MARINGA COOPERATIVA ODONTOLOGICA;381144;Cooperativa odontológica;PR;44452237.5;926088.28;1365133.93;48
DENTALPAR ASSISTÊNCIA ODONTOLÓGICA EMPRESARIAL LTDA.;322890;Odontologia de Grupo;SP;44268673.72;32718.9;278475.94;1353
ID: 346870;N/I;Desconhecida;N/I;43843608.68;1217878.02;2944689.12;36
PRESERVE SAUDE ASSISTENCIA MEDICA LTDA;422959;Medicina de Grupo;BA;43611238.12;335471.06;839792.01;130
SD-M OPERADORA DE PLANOS DE SAUDE LTDA;421634;Medicina de Grupo;RJ;43049475.9;844107.37;1070926.84;51
VALE PLANOS DE SAÚDE LTDA;424048;Medicina de Grupo;PE;42265403.93;939231.2;1096527.25;45
ASSOCIAÇÃO SAÚDE RURAL ALEGRETE;418218;Medicina de Grupo;RS;41376686.78;470189.62;970302.04;88
ASSOCIAÇÃO POLICIAL DE ASSISTÊNCIA À SAÚDE DE JAÚ;408034;Autogestão;SP;40410469.6;392334.66;794802.91;103
CAIXA DE ASSISTÊNCIA DOS EMPREGADOS DO SETOR PÚBLICO DO ESTADO DE GOIÁS - CAEME;344184;Autogestão;GO;39816572.75;510468.88;1013591.97;78
UNIODONTO DE LONDRINA COOP. ODONTOLÓGICA;350770;Cooperativa odontológica;PR;39664374.11;610221.14;944451.7;65
UNIODONTO DE PRESIDENTE PRUDENTE COOPERATIVA ODONTOLOGICA;336017;Cooperativa odontológica;SP;39239164.5;523188.86;822708.5;75
ASSOCIAÇÃO POLICIAL DE ASSISTÊNCIA À SAÚDE;406813;Autogestão;SP;37905601.94;354257.96;848617.18;107
DENTAL CENTER LTDA;339458;Odontologia de Grupo;PB;37880995.88;841799.91;1102743.36;45
ASSOCIACAO DOS SERVIDORES DA EMDAGRO - ASSEM;420093;Autogestão;SE;37646491.83;470581.15;945759.97;80
UNIODONTO JACAREÍ COOPERATIVA ODONTOLÓGICA;343056;Cooperativa odontológica;SP;37533596.36;500447.95;781471.92;75
ASSOCIAÇÃO POLICIAL DE ASSISTÊNCIA À SAÚDE APAS;423203;Autogestão;SP;37234346.12;689524.93;958224.46;54
COOPERATIVA ODONTOLÓGICA DO ESTADO DO AMAPÁ;365785;Cooperativa odontológica;AP;36483422.18;760071.3;1176431.28;48
ASSOCIAÇÃO POLICIAL DE ASSISTENCIA A SAUDE DE BOTUCATU;408093;Autogestão;SP;35955947.94;466960.36;981057.47;77
BENEFICENCIA SOCIAL BOM SAMARITANO;421189;Filantropia;MG;35752530.54;270852.5;530968.9;132
AESP ODONTO ASSISTÊNCIA ODONTOLÓGICA S/S LTDA EPP;413283;Odontologia de Grupo;SP;35384222.78;26152.42;253658.01;1353
RODRIGUES LEIRA ODONTOLOGIA LTDA.;415243;Odontologia de Grupo;SP;35193576.26;733199.51;1064755.98;48
SANTA CASA DE MISERICÓRDIA E ASILO DOS POBRES DE BATATAIS;344915;Filantropia;SP;35018767.51;280150.14;533779.83;125
HSMED SAUDE LTDA;342955;Medicina de Grupo;RJ;35014520.9;25595.41;179555.67;1368
MH VIDA - OPERADORA DE PLANOS DE SAÚDE LTDA;412015;Medicina de Grupo;RJ;33226785.76;405204.7;776393.54;82
PD BRASIL ASSISTENCIA ODONTOLOGICA LTDA;422355;Odontologia de Grupo;MG;32400246.04;720005.47;412255.28;45
UNIODONTO RS FEDERACAO DAS UNIODONTOS DO RGS LTDA;305421;Cooperativa odontológica;RS;31902802.39;664641.72;818462.34;48
DENTAL MASTER LTDA - EPP;413747;Odontologia de Grupo;AL;30593012.82;1456810.13;1157668.17;21
DENTAL PLUS CONVÊNIO ODONTOLÓGICO LTDA.;314366;Odontologia de Grupo;SP;30405733.81;22472.83;193520.95;1353
ODONT-OPERADORA ODONTOLOGICA LTDA;422088;Odontologia de Grupo;SP;29048480.17;440128.49;808526.53;66
YOU ASSISTÊNCIA MÉDICA LTDA.;422380;Medicina de Grupo;MG;28506600.32;1900440.02;1681384.85;15
SALUSMED OPERADORA DE PLANOS DE SAUDE LTDA;422746;Medicina de Grupo;SP;28392018.37;630933.74;816594.23;45
UNIODONTO DE SERTAOZINHO SP COOPERATIVA ODONTOLOGICA;373109;Cooperativa odontológica;SP;27835654.12;58478.26;315645.93;476
ODONTOLIVE OPERADORA DE PLANOS ODONTOLÓGICOS LTDA.;417831;Odontologia de Grupo;SP;27802388.7;579216.43;878505.48;48
UNIODONTO DE PINDAMONHANGABA COOP ODONTOLOGICA;331104;Cooperativa odontológica;SP;27690276.51;439528.2;550612.32;63
DENTAL GOLD ASSISTÊNCIA ODONTOLÓGICA LTDA.;300730;Odontologia de Grupo;PB;27464600.3;610324.45;862207.85;45
CEAM BRASIL - PLANOS DE SAÚDE LTDA;311472;Medicina de Grupo;MG;27388030.64;720737.65;2901104.17;38
ÔNIX OPERADORA DE PLANOS DE SAÚDE LTDA;407534;Medicina de Grupo;RJ;27355433.79;355265.37;530237.31;77
ASSOC DE ASSIST À SAÚDE DOS SERV DAS UNIV E INST FED, EST E/OU FAC PART EM PE;423432;Autogestão;PE;26664178.19;555503.71;709752.42;48
ID: 345741;N/I;Desconhecida;N/I;25710667.09;295524.91;735781.8;87
PORTO DIAS SAUDE LTDA.;415081;Medicina de Grupo;PA;25162359.52;419372.66;654598.38;60
ASSOCIAÇÃO PADRE PIO PLANOS DE SAÚDE;420816;Medicina de Grupo;SP;24146840.49;365861.22;621168.9;66
COOPERATIVA DE TRABALHO ODONTOLOGICO - UNIODONTO ITAJUBÁ;419028;Cooperativa odontológica;MG;23442224.63;411267.1;643294.32;57
PREVENT SENIOR CORPORATE OPERADORA DE SAÚDE LTDA.;413267;Medicina de Grupo;SP;22990596.67;478970.76;613998.53;48
ASSOCIAÇÃO SERVIÇOS ODONTOLÓGICOS DA INDÚSTRIA DE MINAS GERAIS - ODONTOINDUSTRIA;417220;Odontologia de Grupo;MG;22268516.63;530202.78;696239.29;42
FUNDO DE ASSISTÊNCIA À SAÚDE DOS FUNCIONÁRIOS DO BEC;414689;Autogestão;CE;21818449.49;218184.49;939285.11;100
UNIMED VALE DO PARAÍBA - FEDERAÇÃO INTRAFEDERATIVA DAS COOPERATIVAS MÉDICAS;334511;Cooperativa Médica;SP;21677572.56;656896.14;1868383.96;33
CENTRO DE ENDOCRINOLOGIA DE JUNDIAÍ S/S LTDA;415910;Medicina de Grupo;SP;21231481.9;42891.88;231710.04;495
ASSOCIAÇÃO DOS FISCAIS DE TRIBUTOS ESTADUAIS DO RS - AFISVEC;382639;Autogestão;RS;20621297.75;229125.53;499545.5;90
PLANO DE ASSISTÊNCIA ODONTOLÓGICA FAUCHARD LTDA. ME;417106;Odontologia de Grupo;BA;18557869.99;883708.09;692161.59;21
HEALTH-MED SISTEMA DE SAUDE LTDA;421723;Medicina de Grupo;RJ;17951642.65;13122.55;109032.5;1368
QUALIDONTO - QUALIDADE EM ODONTOLOGIA LTDA ;417131;Odontologia de Grupo;BA;17162832.99;817277.76;639970.41;21
BLUZZ SAÚDE S/A;424170;Medicina de Grupo;ES;17056630.59;230495.01;337077.87;74
UNIODONTO DE MATO GROSSO COOP TRAB ODONTOLOGICO LTDA;343404;Cooperativa odontológica;MT;16920684.75;296854.12;435565.82;57
SANTA CASA DA MISERICÓRDIA DE SÃO JOÃO DEL REI;408522;Filantropia;MG;16918877.41;225585.03;258118.91;75
CAIXA SEGURADORA ESPECIALIZADA EM SAÚDE S/A;418072;Seguradora Especializada em Saúde;SP;14902303.17;275968.58;591580.66;54
MEDHEALTH PLANOS DE SAÚDE LTDA;421367;Medicina de Grupo;PR;14798101.71;246635.03;644726.67;60
ODONTO SEG OPERADORA DE PLANOS ODONTOLOGICOS S.A.;419281;Odontologia de Grupo;SP;14010483.04;10355.12;102765.19;1353
HOSPITAL DE CARIDADE SÃO VICENTE DE PAULO;420930;Filantropia;PR;12878415.77;429280.53;239028.7;30
SAME-SERVIÇO DE ASSISTÊNCIA MÉDICA EMPRESARIAL LTDA.;415901;Medicina de Grupo;MA;12736608.74;283035.75;338365.04;45
INNOVA PLANO DE SAUDE LTDA;423572;Medicina de Grupo;RO;10848091.87;387431.85;512149.58;28
CROWN ODONTOLOGIA DE GRUPO LTDA;397245;Odontologia de Grupo;SP;10831481.3;240699.58;291813.13;45
NOVODENTE S/A;417840;Odontologia de Grupo;RS;10447973.77;29514.05;193987.41;354
SORRIDEN CONVÊNIOS ODONTOLÓGICOS S.A.;419524;Odontologia de Grupo;SP;9943333.66;220962.97;307365.31;45
CASA DE SAÚDE NOSSA SENHORA DE FÁTIMA  LTDA.;327328;Medicina de Grupo;CE;9747747.25;191132.3;307475.01;51
SISTEMA PREVSAUDE DENTAL LTDA;333239;Odontologia de Grupo;CE;9654948.95;7057.71;68131.89;1368
INFINITY SAÚDE SUPLEMENTAR LTDA;423564;Medicina de Grupo;MT;9616283.12;162987.85;241548.51;59
PLAMEDH - PLANO DE ASSISTÊNCIA MÉDICO-HOSPITALAR LTDA;413551;Medicina de Grupo;MG;8161426.81;214774.39;192235.77;38
UNIMED ALTO PARANAIBA COOPERATIVA DE TRABALHO MEDICO;341819;Cooperativa Médica;MG;6793711.89;71512.76;130295.91;95
BRASIL ODONTO OPERADORA DE PLANOS ODONTOLÓGICOS LTDA;421561;Odontologia de Grupo;TO;6428611.01;306124.33;212980.75;21
SMART CARE SISTEMAS MÉDICOS E ODONTOLÓGICOS LTDA.;420051;Odontologia de Grupo;SP;5523199.84;6123.28;57674.32;902
EXCELÊNCIA PLANO DE SAÚDE S/A;421642;Medicina de Grupo;ES;5016396.33;98360.71;198861.43;51
G & M ASSESSORIA MEDICA EMPRESARIAL LTDA;409286;Medicina de Grupo;RJ;4926425.37;58647.92;92996.65;84
POLIMÉDICA SAÚDE SOCIEDADE SIMPLES LTDA;316903;Medicina de Grupo;RS;4924972.21;65666.3;105550.17;75
ODONTO PRIME S/S LTDA;418994;Odontologia de Grupo;CE;4857944.4;269885.8;159305.93;18
PLANO SIGMA SAÚDE LTDA;423408;Medicina de Grupo;SP;4815271.15;24076.36;92461.1;200
BIORAL SISTEMA ODONTOLÓGICO LTDA.;419079;Odontologia de Grupo;SP;4612366.5;96090.97;223565.94;48
ALMA ODONTO OPERADORA DE PLANOS ODONTOLOGICOS LTDA;423262;Odontologia de Grupo;SP;4511418.82;3297.82;39195.79;1368
BEMSTAR ASSISTENCIA MEDICA LTDA;423181;Medicina de Grupo;BA;4393936.85;63680.24;86571.49;69
SAUDIA ASSISTENCIA MÉDICA LTDA;423645;Medicina de Grupo;MG;3975998.7;51636.35;83728.99;77
QUALICORP ADMINISTRADORA DE BENEFÍCIOS S.A.;417173;Administradora de Benefícios;SP;3787610.27;1262536.76;2210460.18;3
ASSISTÊNCIA MÉDICA 12 DE OUTUBRO LTDA;423912;Medicina de Grupo;SP;3529987.05;2609.01;27187.12;1353
ODILE SERVIÇOS DE SAÚDE LTDA.;422754;Medicina de Grupo;SP;3501306.14;81425.72;479546.12;43
UNIMED FEDERAÇAO DO ESTADO DO MATO GROSSO;328031;Cooperativa Médica;MT;2774148.1;154119.34;30903.27;18
CLÍNICA SÃO GABRIEL S/S LTDA;415944;Medicina de Grupo;SP;1389079.65;1026.67;7713.51;1353
LIVRI OPERADORA DE PLANO DE SAÚDE LTDA;422479;Medicina de Grupo;SP;982627.93;22851.81;66911.59;43
EVO SAUDE ASSISTENCIA MEDICA LTDA;423700;Medicina de Grupo;DF;861805.86;28726.86;39553.42;30
SAGRADA SAÚDE ASSISTÊNCIA MÉDICA LTDA;423815;Medicina de Grupo;MG;785669.03;574.32;5256.9;1368
PLURAL GESTÃO EM PLANOS DE SAÚDE LTDA;418552;Administradora de Benefícios;RJ;478569.42;159523.14;147858.55;3
SOCIODONTO PLANO DE ASSISTÊNCIA ODONTOLÓGICA LTDA;416410;Odontologia de Grupo;MG;317622.95;348.27;4194.93;912
UNIMED PARAIBA - FEDERAÇAO DAS SOCIEDADES COOPERATIVAS DE TRABALHO MEDICO;324523;Cooperativa Médica;PB;310892.39;5454.25;9853.1;57
SAUDE SALV ASSISTENCIA MEDICA LTDA;424463;Medicina de Grupo;RO;222347.58;15881.97;16188.59;14
VITTA SAUDE ADMINISTRADORA DE BENEFICIOS LTDA.;422592;Administradora de Benefícios;SP;53132.41;17710.8;15496.05;3
ARL ADMINISTRADORA DE BENEFÍCIOS LTDA.;422941;Administradora de Benefícios;SP;28400.0;1670.59;1440.73;17
CENTRAL OPERADORA DE PLANOS DE SAÚDE NORTE-NORDESTE LTDA;417092;Medicina de Grupo;PB;14360.52;1436.05;2304.84;10
MAXIMED PLANOS DE SAUDE LTDA;424196;Medicina de Grupo;RJ;1.0;1.0;0.0;1
BIT LIFE BENEFÍCIOS LTDA;422401;Administradora de Benefícios;SP;0.0;0.0;0.0;1353
A.P.S. ADMINISTRADORA DE BENEFÍCOS LTDA.;418030;Administradora de Benefícios;SP;0.0;0.0;0.0;1
AFFIX ADMINISTRADORA DE BENEFÍCIOS LTDA;417424;Administradora de Benefícios;SP;0.0;0.0;0.0;1368
UNIC ASSISTENCIA MEDICA LTDA;424501;Medicina de Grupo;SP;0.0;0.0;0.0;6
BENEVIX ADMINISTRADORA DE BENEFÍCIOS LTDA;417718;Administradora de Benefícios;ES;0.0;0.0;0.0;3
ATIMED ASSISTENCIA MEDICA LTDA;424528;Medicina de Grupo;SP;0.0;0.0;0.0;451
ESPLENDOR ADMINISTRADORA DE BENEFÍCIOS LTDA.;422576;Administradora de Benefícios;DF;0.0;0.0;0.0;1200
ELITE SAUDE SERVICOS MEDICOS LTDA.;424544;Medicina de Grupo;SP;0.0;0.0;0.0;902
HEALTH ADMINISTRADORA DE BENEFICIOS LTDA;417611;Administradora de Benefícios;SP;0.0;0.0;0.0;451
NEXO - ADMINISTRADORA DE BENEFICIOS LTDA;421146;Administradora de Benefícios;SP;0.0;0.0;0.0;1353
HOSPITAL MATERNIDADE SÃO VICENTE DE PAULO;424129;Filantropia;CE;0.0;0.0;0.0;1368
ID: 418161;N/I;Desconhecida;N/I;0.0;0.0;0.0;448
ID: 423742;N/I;Desconhecida;N/I;0.0;0.0;0.0;451
BCI ADMINISTRADORA DE BENEFÍCIOS LTDA.;419257;Administradora de Benefícios;SP;0.0;0.0;0.0;1353
TOTAL SAUDE  ADMINISTRADORA DE BENEFICIOS EIRELI;423017;Administradora de Benefícios;ES;0.0;0.0;0.0;830
AMPLITUDE PLANOS DE SAUDE LTDA ;423858;Medicina de Grupo;MG;0.0;0.0;0.0;1353
SALUPLAN ADMINISTRADORA DE BENEFÍCIOS LTDA;419567;Administradora de Benefícios;SP;0.0;0.0;0.0;1353
PRO-SAUDE JARINU ASSISTENCIA MEDICA SUPLEMENTAR LTDA.;424161;Medicina de Grupo;SP;0.0;0.0;0.0;1353
SAUDE VIVA ADMINISTRADORA DE BENEFICIOS LTDA;424145;Administradora de Benefícios;SP;0.0;0.0;0.0;1200
LEXUS ADMINISTRADORA DE BENEFICIOS LTDA;418706;Administradora de Benefícios;SP;-4083.0;-4083.0;0.0;1
UP HEALTH ADMINISTRADORA DE BENEFÍCIOS S/A;422126;Administradora de Benefícios;ES;-12200.42;-6100.21;8627.0;2
CORPORE ADMINISTRADORA DE BENEFICIOS DA SAUDE LTDA;418960;Administradora de Benefícios;SP;-42000.0;-7000.0;0.0;6
VALEM ADMINISTRADORA DE BENEFÍCIOS LTDA;417301;Administradora de Benefícios;MG;-201265.03;-67088.34;52092.98;3
INTERCLINICAS PLANO VIDA USA OPERADORA DE SAUDE LTDA;420841;Medicina de Grupo;SP;-550465.86;-406.85;38397.66;1353
QV BENEFÍCIOS EM SAÚDE LTDA;419389;Administradora de Benefícios;RJ;-609578.7;-40638.58;129538.37;15
QUALICORP CLUBE DE SAÚDE ADMINISTRADORA DE BENEFÍCIOS LTDA.;419290;Administradora de Benefícios;SP;-1948449.11;-649483.04;146434.16;3
ID: 351792;N/I;Desconhecida;N/I;-4164759.31;-32793.38;1240777.89;127
ZURICH SANTANDER BRASIL ODONTO LTDA.;N/I;Desconhecida;N/I;-5400018.8;-122727.7;504136.97;44
UNICONSULT - ADMINISTRADORA DE BENEFICIOS E SERVICOS LTDA;420107;Administradora de Benefícios;SP;-8118135.89;-2706045.3;2364748.35;3
UNIVIDA USA OPERADORA EM SAUDE S/A;422134;Medicina de Grupo;SP;-19755849.33;-14601.51;196442.01;1353
